cookie_id,score
ck_315fb710a0e371e7,0.0026990826840090063
ck_a76ee3b3e3e522fd,0.09006812914068832
ck_94c9a4d382689e82,0.036286164836908254
ck_8eaf9509ad9462a0,0.0021712503796646057
ck_9a88a5a989cb5bc6,0.03986934464057744
ck_15239ef0689c1a35,0.024395320554423068
ck_8de69cd219d3b87f,0.8666117282812789
ck_f92cd37022b0ce21,0.011942647344784322
ck_1a3ff7620580a514,0.007588555864254073
ck_397c03aa33a57310,0.09266533622382736
ck_a7cf6c3b322f6b7a,0.006255380579504474
ck_c39a9e75760e3201,0.003459018326703404
ck_88ab6d245228c38e,0.0017238936712918832
ck_17733f75ebdea93e,0.004348976009709204
ck_58eb871e8d7bed52,0.035705644210594426
ck_e55b7fa67db1ec27,0.0035731511878327434
ck_62f5cfe22c952694,0.005334614520411849
ck_7fbb709a0fe95759,0.0049415660887539735
ck_87abe9cd066a20fb,0.009217518129333722
ck_d58e058b5c553dd5,0.006658711682667387
ck_d27b872648b71202,0.004227221582149769
ck_4b4a3c5b95c55b43,0.0021714820732499415
ck_66dd4f4b4127256d,0.0018822552598020594
ck_93cc12703b500613,0.03539522176501379
ck_d28806a2179092eb,0.9740417499781497
ck_0595c2a0c7881e05,0.0058682408214376395
ck_50087d8666191144,0.20115440569015403
ck_b08b3f089138c901,0.01821222765955476
ck_fe3b67041dad2dd1,0.003973231780042825
ck_8449a28f7d475d93,0.030375161759488113
ck_8642e3b6d84f49d3,0.014273302687139954
ck_e49b5e4f2f2e79db,0.2976200169957199
ck_437afe412ea4259c,0.11698520162156056
ck_569b83668d74042d,0.8437610501950805
ck_233a487d31c3e631,0.9751102062958914
ck_1fca72e03143a645,0.8602736690374645
ck_79205e31223df2ad,0.02595455493146811
ck_9625a64406ea16e3,0.004636504170943441
ck_079bd18dacb704a8,0.05740533728778613
ck_4db6d4fd2b49aa81,0.05779764438010123
ck_0dbefdac0a1868fb,0.002393403198863904
ck_24ff97ad90bdd69a,0.051641929281492506
ck_77f8c5042065d506,0.005651901226398009
ck_f11be8ce05382cec,0.008048883642665355
ck_c9d72140b0389216,0.010224081090749754
ck_69eda24e931fb36a,0.003373680420567176
ck_ed471e496916ee15,0.0032680390549718282
ck_ff090498c4b17ac3,0.00893487422695469
ck_c3c19d6a0720915c,0.0029207956929415716
ck_af02e1817cfa40b5,0.04026827456009735
ck_2df5a9fc87553eb1,0.008405848717120612
ck_4ac918e884cff336,0.011143054114747091
ck_ca149244b54ef3ad,0.0021621653082278198
ck_6babe5b8674ff51f,0.01624159948624566
ck_1573878386886290,0.006782373241600362
ck_3925f8565abb7fe4,0.005321998228576706
ck_c4de808ae69c771f,0.0036775048324293493
ck_a777c813551281fe,0.004391719646024643
ck_df4424f6dd85080d,0.037838431753565945
ck_85e5494ec20383ae,0.012645814356553214
ck_f71a4094e889c3af,0.003470302637818059
ck_f2f3cf9cd23b2809,0.011699179844775653
ck_18e2076397bcc211,0.26355711334306486
ck_c9f9fddef39bc664,0.01806533290476947
ck_7e826e233d6ea028,0.013213696356508074
ck_62fd7eb46bee9210,0.014241222142856747
ck_206f8e3cd72768f3,0.029473352041267366
ck_aa295a11b0a6ab36,0.007791429221198368
ck_9a56739d81f84a53,0.002281747791890487
ck_aa075c418ed9fe5a,0.005612561213380409
ck_62b9fb3db284941b,0.003685432978215316
ck_f4f83b1403ebea46,0.04659959182503609
ck_16b66bd803288bc3,0.8754633118978727
ck_c4ca1434f3778f1d,0.982800172631241
ck_1b823610371a29c0,0.006957483260840734
ck_c2bd5a722aa637d9,0.0056728287740618975
ck_7890208951df34f0,0.01349373824955891
ck_020eb0e454524ecd,0.007620422516958669
ck_3b66196ccf436c35,0.009615794169535247
ck_109fc467ec0a4af5,0.0615082921014787
ck_f3dcd818db92de7b,0.012086438736865773
ck_31e7742f160980ef,0.011683437213788044
ck_77fce5f86f00b8f4,0.3392313895064192
ck_46bc797b4d07d607,0.0026466399183559747
ck_37899b1b571b1c6b,0.010498835998663199
ck_ef8a6af43fedd464,0.00243133831576304
ck_bcc8519fe8521038,0.03360253681111501
ck_90696b7182dd9129,0.015194021584742345
ck_4a24ad61d017e1ba,0.016107813818640494
ck_0acc3d8c67218b9d,0.004907264389923138
ck_05c97fc9de11aba6,0.5522467365206477
ck_f8ac3a0500c0ec62,0.009585961886940612
ck_617b65141f546a1c,0.0035681561424072486
ck_9d00823bf60388d7,0.014958923665598544
ck_123c15d93f1840f2,0.03588015905128963
ck_573feefba6bf78bb,0.04601511446438256
ck_b25657bd16739036,0.012140432899346524
ck_bd26d2bef14a8597,0.007348714206312526
ck_a553418f2fba1440,0.01111188347068189
ck_89f3e380b0686963,0.0061228147428742654
ck_b359192aa659bdce,0.01204350280867365
ck_02241f3dc301bebf,0.020298073786627707
ck_5ccc1a1c78cb33ee,0.0374180319549449
ck_349cc5edda1b8853,0.010098058471755886
ck_e9f228845bf6e28b,0.0907696940031236
ck_0a45d033d4e280ea,0.013580111238547512
ck_7e63168dda612235,0.00851665329468273
ck_676fa5f6aae5475b,0.005438480921365431
ck_74b502b20690ccfe,0.0480468075219299
ck_073509af21dd7f5f,0.9133521344345107
ck_498a0acd450944d8,0.00213642630079973
ck_7f15b50b29dead01,0.010967847412315731
ck_8089fe7403c5f537,0.006697117004861436
ck_05b2b04e11d9ae9c,0.008264093777500248
ck_31e70f2f04b48b88,0.0030561370051562405
ck_994316fa5a02b319,0.0032507476450745767
ck_b76510998b9a2260,0.00798080981997099
ck_4db95c310e105d30,0.0023529791843505863
ck_6f730b77dc6cdb84,0.0036159185608311815
ck_2493ee8e7b91d304,0.021023726266869994
ck_92d679d6ac7dcdcb,0.05110512804843183
ck_3a0e0200cbb185cb,0.006027518078981439
ck_0b2eeb4e00ff7955,0.016978308465580544
ck_9843d0e61c37ebe8,0.9648480918607932
ck_e61c8721e3ef1921,0.005273720079446956
ck_2e0eedaaf2980c2c,0.0032244551547923085
ck_9036b2e5e9298a34,0.0036305907601807
ck_3265442528d51728,0.2751774453137417
ck_f2ddae2eb1cb29b4,0.004254448444935858
ck_6cfa71d27fc27f92,0.010727580060062678
ck_f3199fbe84a28b9a,0.02373538904113396
ck_b78d785ca3ef773a,0.008461651222594261
ck_374865697f1480eb,0.02046582423825952
ck_06d0e4a9189302a9,0.09886335020120038
ck_9c9884b9bcaa552e,0.25370883601266503
ck_fd4cf578e87703ff,0.017473328212526028
ck_1917ef3e6e345549,0.08557316575449385
ck_e70418b00cbbbac9,0.04052339468976709
ck_a60388296a47062c,0.02642498801002292
ck_d598fe8d2c779ab9,0.013247923008642202
ck_646dc03de4c31803,0.8393396406389323
ck_e4fd8cbd842b6993,0.009276912537296886
ck_2225b555aa2a42ed,0.03166498415637729
ck_6be8ae9d78148882,0.010770140756206237
ck_4199342d3aca74e8,0.06063224652269791
ck_779581adb573261f,0.03335845323423674
ck_bb303568b6915205,0.04524777163046623
ck_17c4296276448afe,0.004639076822595858
ck_a60a61ac829252a0,0.008256403714520067
ck_6ea70950c1cae00b,0.9308832307525818
ck_1abb93f6924645e1,0.005386824424935824
ck_faab769cce19879a,0.0673694056854728
ck_d5b8e74e7ca6355a,0.0319723996400186
ck_f11f7691af16ad07,0.0022320015233180802
ck_188fdf2be7c92e9d,0.9797556718195359
ck_4a103f8254b366f7,0.006431815627375413
ck_bfa17a0b1760e616,0.0032074365523695096
ck_a4d7f6a5869d440a,0.941703234362896
ck_58e20f5a3e7f11b8,0.42662806387745966
ck_4becdd3d2696c7ba,0.00804368586803523
ck_dad5cf32ab9f243f,0.0027891466289057002
ck_7d9f73dc7c4f90c3,0.15676808477808352
ck_c19371047a2d011d,0.0032334860429581087
ck_247589ff532f7aa8,0.020102657330639068
ck_7a9f241d5f082567,0.004920372946356327
ck_0a2b7078736b4dda,0.008723824312816694
ck_687b412e2aac7eb6,0.033327226953711604
ck_fce0b6855886a0b8,0.013210575342208038
ck_e291cc60920456d0,0.6621622966782943
ck_04219a7ea798db51,0.07836284718393768
ck_286bfd719836e9f3,0.08113054058273372
ck_55efc92394fee232,0.01689938299695003
ck_e36c8da1bd359960,0.031984728285829586
ck_34b0988a97d96902,0.005210474920443646
ck_e0fb11fc9dcb34e6,0.023284961152637132
ck_bcc9cbc9ed8b7c31,0.010640412125297623
ck_3df8da6f60a89a5b,0.05547118846640616
ck_b1495ee5c59a6b28,0.012144877227266647
ck_58f4c3ac61fda129,0.04733915322986918
ck_735f244b99e3aa8d,0.01930579003296743
ck_6b93bd8abf87b1d6,0.9408895746429431
ck_12107dacc6d05bd1,0.0022626715640485574
ck_f96db2a1f3448d1f,0.009273649194349686
ck_8fd91a3c99e19097,0.4025727831059884
ck_910205d25388a0ae,0.009995680279714085
ck_d229dfa0e4442628,0.0022598163774175894
ck_7cdec61e1c488798,0.040131060849968404
ck_f66f06e24ff32671,0.03055895002983739
ck_350bf14e90b503f5,0.01393455223514676
ck_61fff5fdaadd394b,0.03653885406524647
ck_e934f984bad2ff91,0.9293939409506701
ck_ff6a6d3547dd2d37,0.2700495422224332
ck_65ad9b15979e3247,0.018356661579959202
ck_bbe1a2ea5a403ad8,0.7730461214415438
ck_6f3a28eecd2c4031,0.01139651020935817
ck_a89b66665714058f,0.02015980586429058
ck_918c92182b6817cd,0.013577937419425404
ck_64f5eb4be9e7b8fa,0.8533481249125183
ck_d021fd497ea35fb2,0.010542003620768774
ck_004de16f7d8a42ae,0.007798924152887165
ck_a33d2325f86ab12d,0.006372407723798259
ck_89790ff26c844bc6,0.011369588634160353
ck_e6e7257377c37b28,0.032846396749736814
ck_a2cc3910a641a808,0.664856969997569
ck_646e270e0195bf05,0.007625127076266197
ck_baba5d66def0d770,0.05012907556180074
ck_67cdcdda3033842d,0.0863687809448908
ck_b5c3075c811a2216,0.008022140997169618
ck_515379973a8044b8,0.010213583012045552
ck_c0ce85fb4109567d,0.05805336585978631
ck_fef850553862aaca,0.0029173064192345504
ck_55d7217b0aff9fa2,0.00464390641635805
ck_8e139f8925ef7968,0.010974592931954564
ck_9e35b908fca1e4d7,0.002665891598058226
ck_59735f4ab2ad3da5,0.012500071590945835
ck_dc569c1167ccec0d,0.915208557370083
ck_1dade5592f90a15c,0.023948086159524477
ck_793048d11fb8b328,0.0815174745872462
ck_545b71eb4fa594b5,0.00379750081613531
ck_bd30853e9a57b544,0.03044409522896292
ck_59f46321ecf6d306,0.008873822173645286
ck_260cfe9141d249f1,0.2635313220378396
ck_3365a0ad1a8aa83c,0.007794508010509368
ck_b0ef193195a2138b,0.017652498574942457
ck_0f909705e2e60f2f,0.003545481180299259
ck_5a540b75c866166a,0.060235074819789805
ck_87c26b2f41025109,0.9743150730746771
ck_27acc9f320cda104,0.11195656566670491
ck_a27bc31eecd9cb9a,0.006584700853395455
ck_115d86fabde77b65,0.002603239380199553
ck_eeca179341d56f8a,0.8739844909953979
ck_8e5999c436cf037e,0.0023012387269936057
ck_510e7c5df1f95d90,0.9833535542499788
ck_f1acf73363925958,0.016469234660582966
ck_3c177f5970b68bd3,0.012888772803222977
ck_9cdfaa1c30cc9d32,0.007116922237976715
ck_c8efa1538b37c359,0.005158189119062429
ck_a8a2e296f9804bd7,0.01770369980675502
ck_91a0ca45f429568d,0.008896728721919593
ck_5fdf8a0bdbd3ed62,0.008506369679077443
ck_0f4e2ec66d50da5f,0.0047975885897508395
ck_28c53b214b2ee882,0.09739600352570946
ck_003148504557f720,0.036372230278989656
ck_01d840cffb870615,0.34817212872303716
ck_555848d51f4b5f35,0.020341927609233656
ck_df20cc23b8fb8e22,0.010554176703021414
ck_f9604adde929beff,0.0028865222932149275
ck_d66952b03591bdec,0.006131197767834199
ck_ddcac1ab765ff61a,0.014893689606834945
ck_347386629d96c664,0.005141574598157381
ck_ab01db9117acfe3d,0.00838814419899692
ck_58e5359efc52e0ad,0.0031066655940694943
ck_1a524b5cc8da71b3,0.01932319782525435
ck_e9287b6d909d731f,0.005552290850869753
ck_bb41a66e3d90263b,0.26080962293526205
ck_e95c8cc1864bd584,0.005555544545529093
ck_7a3f2961e9a8b6dc,0.0052109074855892085
ck_378a9df82b1e0bee,0.07000023156295263
ck_42633573639a3f02,0.9666701174453411
ck_2a5a4c18c2c7274b,0.014582492684806228
ck_77549c1a41f837c3,0.0326940545769419
ck_a26704b5b26258b7,0.005948885697371836
ck_9874ad160efddf50,0.022640817335748555
ck_9111e3a04b14dfba,0.0335145469494843
ck_651e076ee43aea85,0.004244114375870237
ck_391639c0f13932f3,0.0016339024359619577
ck_02dbabda93c8c13d,0.020534460529647795
ck_0adcb1fffcb0a34b,0.012586425698330508
ck_7a43ef9c7b1c67b5,0.004074955756300096
ck_4b9dd69946438d0b,0.01032350987431393
ck_90bf017cdd37b66e,0.047472552817321954
ck_61c74163eb36556e,0.019921735444854313
ck_13376c59b5bd6943,0.0025581085923017124
ck_62337eccb1672737,0.003973776397556432
ck_16077934338472bf,0.0029943692159900715
ck_0d4dfd93086e7330,0.0032563661544074834
ck_3865b7525b910893,0.013434680482035912
ck_7e2ae8b69ebd5675,0.008255372862953733
ck_b4384b6c11766ce7,0.006840431423755661
ck_3d7fa32dfb9fc692,0.04923703375475307
ck_f4a6a7cadd6e0603,0.13944103834845079
ck_212525e2828a6c45,0.004998215029726956
ck_33ad8d53394ba77a,0.6823623821834643
ck_a5051eafe8b51224,0.0030461426064987006
ck_f65e5ff7da565f91,0.00434493010298545
ck_5c37f7563fa7591d,0.009650892114606466
ck_f1e0a006068aff29,0.0805460530601863
ck_c646cdead6fb79d0,0.02186814800917989
ck_f8b3cdffef535330,0.0318327888950506
ck_e5cdbe3aa12c97f6,0.009368126516174516
ck_986e4e61440506d0,0.8127034011633267
ck_6da9c5912e15d9a8,0.005041547422983982
ck_51d842e6dae74c71,0.00495950208322254
ck_5fc65c24e0736d5d,0.9606218596045579
ck_babb95a76c69509d,0.02827258177638145
ck_86a2d852a9715432,0.023630008437948262
ck_db4083a0d043def8,0.0730352364552798
ck_96953b8945b7d403,0.039190240818207066
ck_7831ca5c31fb3859,0.07338292873478144
ck_60ac5e5f375daa38,0.019584679164928075
ck_05d44eb1f5f085ce,0.015218011640914736
ck_432cc19c7eeaa46e,0.01066974014416799
ck_7fc513033af061af,0.08400248500461446
ck_ada6ede84c111719,0.01044711975760836
ck_6343e0d3b1c2962b,0.005982830700810955
ck_010264ae04f2e902,0.11945065849094907
ck_e9dcf535f8c289eb,0.07126760568146785
ck_37143d9cc296e6fa,0.03414400937773462
ck_61fa051192f3e810,0.012488082375750175
ck_f9f93d1d41be1468,0.7386719791901459
ck_c4f4f28457be8a74,0.004771845308361172
ck_323a71f9452d21cb,0.8804258569251262
ck_170f4688e0acd875,0.3443517836165556
ck_869b1878d09d230d,0.3655752926269197
ck_2f6b33bf46976229,0.004947759168067297
ck_b11e22e75d9b99de,0.00260053292332505
ck_123d75ffb75b606d,0.0038516522321503147
ck_94295287a04c85d2,0.5611553821578233
ck_1b0434f096795328,0.0028303690041409056
ck_0a4e191cd0a57ce1,0.003677309834106142
ck_d2fbd0df99634676,0.023252006160186123
ck_d51df5e9fbbbcc94,0.01616142189288928
ck_2d3d7d64a6f443f8,0.007733977810196526
ck_731943c682c9394e,0.029241747928577137
ck_5ccc0c94e5e1f849,0.015334272241566884
ck_c3476080516db25d,0.02009646565533984
ck_5010ffb1c94187b5,0.005168994275574596
ck_7ef666d67bc70223,0.010876792463147414
ck_c1b493527224a27a,0.0033725734105123756
ck_5d1e25d7acc5af9a,0.01143458293293825
ck_ec30b61cbf517db8,0.003925750033071052
ck_79323eb5d2e5efae,0.009170315504610616
ck_4085cd3bf2661518,0.016894487976115046
ck_2ca91214c357c072,0.08674070810755272
ck_7f3132d6be389657,0.03893129031554921
ck_e7a6b925c8f39a85,0.024948242895439496
ck_c886adec7bac250a,0.022824343698817577
ck_c3f360c2d0ea0a37,0.010784088477617769
ck_a7acd5b015823793,0.0064082048762221285
ck_9d64187c0800f84e,0.008057651832360707
ck_5d4ed73b9efd7d11,0.0075316078917108936
ck_874eca6776b34dec,0.002784594593305173
ck_96a9221a87be93c3,0.059175262878910305
ck_68dd79a51eabf5e6,0.03923906920767264
ck_8311cb6755b2016c,0.005644366628068885
ck_16fc77b2bcf5ec03,0.9564716277416541
ck_ad9e2088a33c8c72,0.0020611723615537383
ck_7176bbc97b1e42a1,0.0036509471758710667
ck_80dfa54b30f65fff,0.8872628475154644
ck_31c54d540b128843,0.003506798217994151
ck_43ea894480567274,0.01676707974715547
ck_9c9e8a38bd5a6c88,0.022049461901184498
ck_1c2dcae19539e148,0.014227382169909911
ck_b0fa8b84e94d8ae0,0.02382795970108986
ck_4ceb43ccd0a81c2f,0.010608282220625697
ck_ba845332b730b596,0.003710609481039678
ck_73d3e8c6077f61e6,0.04141529121267927
ck_b5d0d223ef56473f,0.012115385414625968
ck_949f08f8e80e93ea,0.005189663646110246
ck_73de0b49709e5f8c,0.004768985588110614
ck_b5935e9722a39819,0.036100722754057714
ck_96247fee0eb44420,0.006327793508855868
ck_a6def1e4b2d57e0d,0.029106974529211915
ck_aecdc5a96321a2d8,0.00795528705869085
ck_bc61c59970f8de49,0.012181979424461153
ck_c43b4175fc9ac5bd,0.823264702844078
ck_8ff7a9b23a55fd62,0.008887314960200052
ck_20c99b645f462449,0.011456469248265374
ck_a5ce2ae36fb410d9,0.003284004482104935
ck_96fb9bf556842bbc,0.018310408954972636
ck_b5e4c6dbbed1b773,0.015042618248805237
ck_2085433978e72ea9,0.03396753485135917
ck_2c6b174b063ec637,0.008908639437209705
ck_b20b81b88dabe28d,0.0030571393207376933
ck_243c18dbf150831c,0.004179937767664945
ck_2bb6a17e8eee35cc,0.042349078260936084
ck_66147fb994495396,0.34180553263451857
ck_73f124f075ede0fc,0.005825697602756764
ck_2e315f1b1e533dab,0.0031298033912609173
ck_16c7bf94ed3e7a6f,0.0023346168485946094
ck_4a0eae220a762ac5,0.02489453804351178
ck_dc16f939c2f44ad8,0.09281788765939021
ck_817926b449754917,0.005306966364560639
ck_0c0dde42ab64ef87,0.024014339149876638
ck_cb3a40594da6a2ee,0.05425612563337986
ck_d0dc156441fcfdcb,0.01777246574836253
ck_66f0945add423e9e,0.009706883347871497
ck_a74f6a3030f5d495,0.014777186018848396
ck_1ae460f331e49ae2,0.027739395006010553
ck_2d177b2f4f0b40c9,0.26809358756345464
ck_92e474e4368c4791,0.022222787552165692
ck_3dee83fa2d109484,0.0018554757707469713
ck_80e5ea27848069fe,0.004135301653333346
ck_ed0c4a83701ca230,0.011969403820091378
ck_0b8b7c5c581fd161,0.0020512800366770277
ck_60bf8a2870956fb1,0.012595497998057098
ck_73a54b56a2bf35fe,0.7783369367248782
ck_2296d7a563424883,0.0057797248600877805
ck_bc19c383560c7477,0.013027221161201318
ck_861d8e3d88f1079e,0.049035941569651305
ck_3f090fc96c24eb28,0.0038831416666359198
ck_9a6a1f8102febfca,0.016477918514338077
ck_541b6ad5d2fa5a39,0.005433240109267491
ck_a760d38d1bc4de97,0.0031657365812691463
ck_7dca4d7ee10b4eeb,0.0032492214836769714
ck_15220e78d1545e40,0.03969083072042741
ck_ca24bb0de508efb0,0.005640419436583987
ck_56b389627d8f02c5,0.9783862883109281
ck_48a6754977a44db0,0.005152746253275485
ck_333a43ec339a04cb,0.04398850010939143
ck_f22aacaf86a65d7e,0.07860804823853185
ck_04bd8a1ffaf3ffd8,0.00425585854258421
ck_2737a72de6b700f3,0.17102809586048545
ck_c35e03b0dd0c3454,0.009056993862926414
ck_e0571312f395cd94,0.009380112550121918
ck_09fab6b9825001b2,0.006975388227862404
ck_18c3a095606209e8,0.005828567466275611
ck_2a97db9377d01e36,0.014068975086427493
ck_f29dbbfdd2786bd1,0.017646858294655683
ck_35d6c510ad29362e,0.55856226637464
ck_5468fa99c945d785,0.0072720417819968405
ck_6f8102f62c876cc9,0.01535702758256972
ck_91955aab3424ad16,0.003613535838675252
ck_9a43c0c73a39d759,0.02123540939860802
ck_60b023af6d1e30bf,0.7341437728030392
ck_9704c5cf8659cedc,0.02083828742274506
ck_7e5f02b51b9f78bf,0.047272358559706254
ck_7d3a88d1aa649708,0.7988574837966038
ck_8250eddc1ecb07a0,0.03034430321362543
ck_d979ef95ee44023d,0.023760914662257347
ck_5e5461dac83531ac,0.03040595758752811
ck_d1bb8890081e0a31,0.013717704356060591
ck_32246c62640648d9,0.0034823335498076384
ck_77a40c7d2f862a32,0.024400907737078762
ck_1c8b94efe9238f5b,0.0027802191159281764
ck_eaf3b6d11bc3cb11,0.0029796145535344147
ck_a4a7ef3ad799c380,0.004380877596999278
ck_d5bd8f68da073cd8,0.004814428306868859
ck_6e6258227fc8db7f,0.0025463846544583895
ck_c35d444e05799db6,0.015830379903866078
ck_74665e1209140ae8,0.012523987967493664
ck_353a272478f7e903,0.0046265094274145855
ck_a2c9796ea229a4e2,0.003403186578723178
ck_e0171f91cb3411fe,0.012353633376423334
ck_703499f5410280f7,0.004660065438745611
ck_ae3a763997f8f385,0.10905737584864279
ck_f7ff94c3df5ac874,0.016353309263830496
ck_f3c16d8f747db046,0.04453633944559658
ck_7ef019ed77276496,0.004222364785518384
ck_d6a4faadab58a3de,0.00913701492823817
ck_ba7b78d31d74c794,0.0074548212298162055
ck_36287d063350ce9d,0.009087380793114963
ck_5177fc7137ff26ce,0.003574275234179703
ck_dfd4e79aaa967b63,0.014329582549291517
ck_fb44d15fb93a7157,0.035740985276482895
ck_fca478361870a4ca,0.003550626080074267
ck_e57b94fe57341058,0.01253617787886486
ck_5448c946cc4758fe,0.011674860797477456
ck_c5ece5ffb8800ad4,0.008792409593449103
ck_11cb98211b2ed134,0.8974434091396191
ck_f655399ac75c4450,0.017338877060075128
ck_c817259019588d30,0.012172550941202863
ck_8740a14d8096c6e1,0.017849285869435228
ck_0c5ba86f4e05b38d,0.01851425846747363
ck_ccc917533d4b73d4,0.015521388105719847
ck_9eb80edfa43203de,0.0034340306005961425
ck_d1a1cf4cf61d6801,0.030575512653806515
ck_b17c239f160e6017,0.00723386820068896
ck_410c3e13b48e0415,0.007052018774588646
ck_ab553954435e8854,0.7927125528156708
ck_bdbb4230c91e1604,0.03785824095935999
ck_8fd4937eadd64fb6,0.004254932325355206
ck_e0e90b196bef3c11,0.0020248238608905796
ck_3dc4d464386f0eb2,0.35535259666059693
ck_51bbbf8f8e8ad005,0.980696754165199
ck_c05737ab74cf03c6,0.448881963824851
ck_dceabbe04d99afc2,0.004711954445342874
ck_5b86fd14e85bc9c7,0.9119755526981
ck_d4febf0083800424,0.0726193842257653
ck_77d9f86dcf251739,0.006924616682746176
ck_b4dcebc543deaafb,0.04957407489772232
ck_cb856e75c949b0cc,0.0027740609288039353
ck_61b067de8ffc1ca1,0.014796428946091521
ck_c0e8560ccfd9dd9d,0.0029939636340496154
ck_173e1198c341087b,0.006230121604836341
ck_b4d55bc809000276,0.02128977928950513
ck_839bf139296b5cea,0.11744969893603745
ck_78cd402a2a4f2e35,0.003267404044011553
ck_c2925c50ebacbdba,0.004603430897404194
ck_5e3bc76eddbdb0a6,0.004038792274667269
ck_b7793edca26fc512,0.012809026704147571
ck_d79bdf04d6f31cd5,0.003171611471692805
ck_4b97d19ed946f503,0.010149979580946964
ck_37139b41c5370523,0.037181170628727264
ck_8c346eeefa9ce692,0.01598145122146978
ck_2ab7eddee2d8c49e,0.007592993073135568
ck_29da59ea3bffb9d8,0.12224223874406222
ck_c1d05ef0ec6e4be7,0.0067550502900940515
ck_3882423b449f6291,0.9234916393538788
ck_5647030283171ed5,0.7791650573221176
ck_efbdcd9c181e72ca,0.014580237798311978
ck_192fdad892782daf,0.049050072325096714
ck_0bf2e13b9f2601ac,0.014132395318697663
ck_3d6046a533057795,0.02101608950410839
ck_279a1d3a3836e5cc,0.03522223716800431
ck_c375e929becde422,0.017425015282326404
ck_a59e90219939a1f0,0.0048589444938004385
ck_4e9fba1ec54c3ff8,0.008182899574079989
ck_bcbd8588a13f5eef,0.002165626289219985
ck_5f9a7ff990341bdd,0.003614944851432801
ck_e0403d507519b7d2,0.005265638000505254
ck_c9490cb61aff5112,0.043657651599808674
ck_41dd44308e6a665a,0.14132255505345115
ck_76c23726cd7ca947,0.013185759832702334
ck_9be551300209fa83,0.4272078455078091
ck_a98848eec6c9581e,0.01382665922574947
ck_61176dafb33b2d8a,0.8542990425645675
ck_92de019e05971ce3,0.012092137729711289
ck_5d644224135d7c65,0.019530717914665888
ck_c767fc454fa215d0,0.004615377124055324
ck_5df85a8924e11f27,0.0265751897900141
ck_da2729307af06ed5,0.01864325776341006
ck_7c6b577174af7a78,0.008184448828343845
ck_893b8afbe11301e1,0.004410808105917477
ck_e06f6fed020ae014,0.01836775285885941
ck_386680372fb54857,0.0035720967404663908
ck_7a7f3c4fe0c9d2ca,0.0030962755359600644
ck_f908b527c4db422d,0.019666970710858427
ck_ec2eee6a133e9a6f,0.01998480309576651
ck_d98934f9fe0b02b3,0.0025069772176101067
ck_398a1ed77b0130e5,0.0554976424105361
ck_d960af7a55b892b1,0.007290174174276512
ck_4637e54a9f79e2e7,0.004083607489482859
ck_02b9f418524f6650,0.013398165705371935
ck_d4b23804cebb045d,0.014688396638949002
ck_35b1939c48182a9a,0.06277198739540142
ck_2dcbb71e39d64305,0.017486001316838966
ck_47a884dec960ff2d,0.007414405742155401
ck_71fd8c346fde5cca,0.01725639927502509
ck_98e1992ac8e7d2de,0.05165664199609288
ck_ae7780327e210522,0.015293798507169509
ck_e6c584b4b1ad6d9d,0.010087096489270019
ck_344b2e326a6c3dcc,0.003501165455421687
ck_9aa899a5230b0963,0.03451846494242956
ck_e48d14d5b70ef5aa,0.015091495149434503
ck_59d380a0973b3951,0.028005784337123946
ck_11318f7c041a5ba9,0.028592850330982106
ck_7061786fe2f22f5a,0.00806910590043013
ck_e77529651c416cf7,0.022027403024576224
ck_7f79878197340435,0.005508205096259393
ck_b0a0fb0ee9ebf106,0.0032605391493870347
ck_70c7679199776a90,0.005892273158373758
ck_b9facd2210daca5c,0.147913521242125
ck_9949f53c155b8dde,0.01196736984018416
ck_1c607e24f2c4397a,0.02684602035426617
ck_aefd1ce3ce093cbd,0.0029896347426338083
ck_5a29b7018e43280c,0.004138564595104626
ck_69eb0b2ccfbe5f95,0.025774157377698097
ck_fe037765aa465c58,0.019394924482450344
ck_5e512ef5362a3dd6,0.0050713458316439365
ck_544a9e80b7fdc279,0.006829272546429187
ck_7825494e654d5695,0.014993831642560684
ck_f1f2c3c623553f0d,0.00512936522918579
ck_52730906e5b461eb,0.8903009061424996
ck_01e0689157fe9617,0.8376252579518775
ck_9da82e567074da9d,0.056888310630701065
ck_6a17384072f904c0,0.05414055786823753
ck_8d84d771a21942a7,0.0046781231174320035
ck_39638880292782a7,0.020550139273267286
ck_7d51c86e0eec72ac,0.02203816910647155
ck_45f4c821c70d134f,0.3266830491573898
ck_0af3c13ba56ce57c,0.0018634006933499006
ck_0789a05e061b2784,0.22609836522729757
ck_6ba091eb42ffa9fb,0.025906135421526984
ck_265accb3c5c32620,0.05940826648883661
ck_179039559ff7566c,0.01636709831455458
ck_17c0a6a92b5765cf,0.014188152844756292
ck_59371c9140239fd7,0.03186982349578531
ck_f9c4f8b4ce2691f0,0.020098197773336123
ck_a2637e4872cf4811,0.16554314167824535
ck_1de43fd6c6c22a5f,0.0649107438491027
ck_6e4f31bd108571f0,0.003881270607647374
ck_da06d97db0b18851,0.0031763608843715075
ck_e0346d5081e640e8,0.03697274026024096
ck_c1c7d4e62c9fcded,0.06779471523447964
ck_2595669e421299f6,0.04198926201668307
ck_3b6057d51fd4c7d6,0.00312510687711529
ck_c5f8ab515840a0fe,0.006696883908304345
ck_435cb24538c6f77c,0.04346380398608159
ck_d84b5403da4cea7b,0.009001633965166475
ck_c2b61a98d1c8f6dd,0.8189146070080522
ck_c9dcd92b2f836b61,0.12862875659852718
ck_9eb5b3f5f672c2b1,0.002662514625688503
ck_e4cf189a8d31649a,0.0045728963549675206
ck_6b114f2a48152b96,0.002414241842003377
ck_3fb95862b70f505c,0.08272157627270194
ck_7f780f465c29398e,0.006569519049514118
ck_ee387f9da79e67ea,0.02933669134683199
ck_fa3b1e85d27af2ee,0.04122861035898932
ck_e739eaaa7a1822f2,0.010232985688165424
ck_dfa0ac11fcb1dabd,0.0052885412857388275
ck_6e8751b571ea54d1,0.01745303020104332
ck_2d695f8358383092,0.02280532101223213
ck_e7dce27edb700f27,0.010503972134700817
ck_e322da8b213eab52,0.007999248753654143
ck_d0b32e039abb8200,0.005120469215453306
ck_b354003302b272ca,0.015004998194084903
ck_f7485cba392bc294,0.8144573036742309
ck_d6a290ff8362c7b9,0.07637156147649457
ck_c56a44fe315c0389,0.0046434096118941745
ck_f77dfe6512eae322,0.026281786650237622
ck_35fe969c58b9e70b,0.03865131655372448
ck_4c518637db2322d5,0.5986581266287988
ck_cb61902798ecc4fd,0.0655040247347995
ck_56e6cfa32156a916,0.004624923598104224
ck_343e6ed2b9d35c01,0.021146248195810107
ck_51440f64f7250ad7,0.04329191996612158
ck_295bca29c34cfe2e,0.030005623776628965
ck_dd30558576b45e7b,0.02076897069988809
ck_3a30132a57181fe3,0.021984294808911856
ck_4a733aeb833406f4,0.014304777609677646
ck_1b0b7c3d35ab1259,0.03460762487419872
ck_962c3bbf27cd4b80,0.0626502305960069
ck_9528e1d6b1707870,0.03367499179164092
ck_b3263e7f31aab45f,0.0177241418606363
ck_e69195a3c885053d,0.002654706021538669
ck_a907fa8795cd4baf,0.006736080388745441
ck_205c3405045bd835,0.007177621369031953
ck_e81fc223bed3c46a,0.015580838485827373
ck_363751deae40edfb,0.12298952162251424
ck_6176baea8cbebbb6,0.022074346715146454
ck_633e6579f5c74a5c,0.9416702116947446
ck_ddc11fc481eef58d,0.020462858339599585
ck_e975002c979e12c7,0.061603789988367685
ck_8e039b23acaaac00,0.06152791094672575
ck_1d6990d94a4d2ad6,0.010126624811487586
ck_e7b583acaa3171a2,0.057856655707874224
ck_c0133f60d39b2fb5,0.01809717158174956
ck_7d6bff85e7a694bc,0.0032789680471898425
ck_d305b4d82f63f647,0.005757034355203105
ck_22bd0fc71f95e048,0.03085222033494759
ck_9a65fcfc7916f93f,0.002510292665480096
ck_d61c837b0106085a,0.07061898037209946
ck_be86a1db08dea456,0.015173170876392824
ck_90489c405e6886d8,0.002644139467146582
ck_0add2c321d579d75,0.01771397436266004
ck_482dea6eed92cbbc,0.013162435860019273
ck_c24b47184534cc2c,0.957444006083455
ck_fa04ac31e596e7d6,0.015051050935371115
ck_084322dc5a3a86f0,0.009278333259891207
ck_ccb72a33cc1877b7,0.015166621743395604
ck_afaf374009d3b248,0.020197953371021753
ck_b53084ffede19a8e,0.0038149368900773292
ck_4760216154c8cac2,0.6785535607447206
ck_37ad3a65db673e70,0.003309373735665305
ck_0c2932cc0d553694,0.005822370201539849
ck_86b853c52f20fef5,0.007165432129664433
ck_38703b7546d35a80,0.03399941318504636
ck_218b7e6e6dbd2da0,0.003950313927652635
ck_402db4184982fdf5,0.01530899798261356
ck_f917c82af80e4a79,0.020197055070172935
ck_3c6417a233c68c73,0.026986010097623588
ck_98068c397d70dd3a,0.020524776565427044
ck_b1cbd6679c0f8d95,0.01020763575950115
ck_9e962f9bb0e7bac2,0.01997521026470259
ck_b08247c3ad567d92,0.8503300466364891
ck_3ef7a03ebb81cfe3,0.0033766494819156023
ck_5d7ae0e3562e99bf,0.032798098899267915
ck_c91a628236baf91b,0.048297479842212124
ck_7f8e816ca51755e3,0.7833857125249992
ck_5aadd286d188f5c3,0.006248030958760207
ck_a037aff5f8128c73,0.004661303895749524
ck_5df6529ce8290906,0.019730313389495005
ck_5f3609511443e5a8,0.003872785835237326
ck_a6f61864fac3c8fb,0.008191311293547682
ck_2733fc6ba23ae46e,0.02027190738199767
ck_22bfb9246646eb41,0.7777934010579333
ck_bfc2a57d8fd1610c,0.5433338018861495
ck_49839e761d0e74e9,0.004585360327972086
ck_aa4ba931dd37481d,0.0028650864528559803
ck_2f9fa0d61829f815,0.017600067995020712
ck_5b82c774df10d49b,0.004359674199633569
ck_411219470d0a195c,0.01213121254753092
ck_d07485ba10514a2d,0.10493471806787871
ck_219bef979ee21bdf,0.002756819615966428
ck_eb1006e7285184a6,0.06196177873751143
ck_fd242b18575e3063,0.03825260204365239
ck_95188150ff059c70,0.05554100668926289
ck_a9ca2f447b984a6a,0.017356051807518248
ck_2dd39723c4088b64,0.007782336722644559
ck_aa2b4c662ff213b6,0.013406462373685193
ck_1867b1199c864db5,0.07285328282052103
ck_850ec97a5a0dab9a,0.01805200757997501
ck_562320295fa35875,0.0031874868507805647
ck_bab5759b07fe2bea,0.01569074553666152
ck_b9f1465d803e57b2,0.07103143045651009
ck_8f21f2690c32c691,0.13037239931850478
ck_df87d6f61a63eb21,0.004558792341961169
ck_770475876d0e7e6a,0.006042012916852541
ck_b4c014d5c0cc9eb2,0.003625951479929257
ck_3add4d23124c9290,0.0036695682164615724
ck_bce5b7fecfb6264d,0.10513007165673087
ck_604c17cb97dc89be,0.03378626673939665
ck_e52cbcd9aafd26b2,0.008904790438741955
ck_0ac9114076f5bf3d,0.020072587038717934
ck_dcc125b178b79566,0.002096861194778337
ck_4e333c09f0c37dee,0.005875469888939129
ck_ff7e31ff8ba731e5,0.008816236284807146
ck_8d0532d24f1070d1,0.0021434249588229057
ck_3689fa41748a6f6b,0.1877035812250039
ck_7509eb97c1948b16,0.008595890716951972
ck_a9161cf1ca22a6bf,0.010451788676235165
ck_bed3e3db135b782e,0.012290230466427821
ck_9040edd974ef8e3f,0.7939660507270008
ck_fac32d76ed40f683,0.008489720720590645
ck_3d7b1078e2d57c69,0.009291211586145034
ck_dae09c4e074af5dd,0.016444372005519313
ck_fd84507228467b40,0.08237481932867848
ck_e2a2ce9b8cf44c63,0.00552610002329069
ck_cbe716f351d660d4,0.007657378551844558
ck_cba4162ef29a6d27,0.015221459967686096
ck_4f1e962ff8a29732,0.002330899047334488
ck_39a81899dded61e4,0.012759101776408138
ck_25382331551d22a5,0.04553670247077555
ck_6d64e1c07b19856e,0.0036613348507417384
ck_165a868bdef28ad3,0.07095914600039743
ck_88774ae52e30e877,0.01243986663498011
ck_fc7a9d0643570053,0.0022836353905279216
ck_c2017120b3b88a46,0.006480217950483533
ck_d115ac6b9fd62a7e,0.008130027623170102
ck_439cf7d51ec7de0f,0.015048435157917744
ck_2468a7e9e68a0927,0.011302101167745429
ck_7c418947124dee8f,0.04965796496428805
ck_fb0cf32c4a56f740,0.017129373298960096
ck_694eb6c43193afd4,0.006949067875012644
ck_993beb188dd4abb6,0.004404549933172477
ck_77fa39d3b733c226,0.399277154809156
ck_49969a9abc47cb69,0.010693183888611782
ck_d3f44bbe2f7e9b2d,0.013421220993185693
ck_fcf5b8216d0c18ef,0.002384851081491944
ck_daefe1e2d2bc362d,0.0037502009820705646
ck_9c9287cb28950eb6,0.014827889474314617
ck_c1d1a625b885a975,0.04425698752783821
ck_71b37fe47490b4ba,0.018460879017381894
ck_5d16e257c0635f7e,0.848294574681822
ck_15918075563eb074,0.0029196891378192994
ck_9a15fdefc47e8d11,0.016344648929786522
ck_6f04d047d1dde75e,0.003136268205040467
ck_1af2c0b3b8d202c1,0.015141697708769802
ck_174be2231c5fd2b6,0.003090715120125997
ck_bb0713a2a1d65982,0.020568427417856666
ck_0daec63bd5b0729d,0.028073587273689343
ck_c0b5cc3e8ad2ff44,0.06349140321789508
ck_35bee1fc12664644,0.3270349508075503
ck_a1c7cf63467df4c2,0.007850328945582562
ck_ecb1e15f0b185ceb,0.03389465742131177
ck_f280d31f54a4710a,0.04777994308393417
ck_30f4b2ee8abe1342,0.020845802156097555
ck_66bed631354de5b7,0.028654009203889424
ck_c2d3ecd7278eba2c,0.008302475481893811
ck_e901dec0e09eccbb,0.003805354548900628
ck_5d038ecb3c8748a3,0.01062473419694665
ck_283c5bea94b21e80,0.03430193210033065
ck_7956c251b85f009e,0.7584437560842856
ck_9f5f81d771146aa1,0.002195783209491077
ck_9323e6fc1e168eda,0.8667034375972055
ck_10495d3a635b8d69,0.08407389153065309
ck_1982d571cd36eb0c,0.013048528548657142
ck_4f5d7985bcc2eda4,0.004009539573704148
ck_7df526b2b4410bb4,0.03531441285068672
ck_dbb498b1a346a402,0.002624673810107118
ck_ef059997563e3330,0.014047103176031677
ck_02ec4e06709e6b82,0.0023393234111999473
ck_9782c86ba6485f88,0.005493532985328131
ck_d69de468b44143ca,0.0062731552587936236
ck_6430a8792f400e0a,0.004186553342199148
ck_8285bd3c90af94f6,0.034924151073832926
ck_985c9ca112000e9a,0.01706870355543639
ck_e679fbf4f4f4aa07,0.004149447490525558
ck_016e8c8eaf9d511b,0.018128506750835806
ck_bc996c523944644b,0.020801210437703666
ck_5b8315726f6204e0,0.019492608883629456
ck_78181f8e998e442f,0.002082273125227895
ck_71c68dfd011dbbbe,0.760827185155182
ck_db32c95ce2b6f502,0.7584031840496015
ck_755010362a9b1bc4,0.02692325741084888
ck_114141d85256c9ff,0.002331708653656063
ck_9d1a5cf5a3b87e48,0.012303213157389435
ck_ab640420858ab5c4,0.09968454199729412
ck_97a8dac48dd62488,0.07842507428867626
ck_879cc3166fe1bada,0.0021729339348703714
ck_b0ed11080076e381,0.006845559949184589
ck_7334a9ec656263b2,0.004148825979022873
ck_6494f0ef13ce44d9,0.010700355580100487
ck_724e459b9ece38f4,0.02673899881118811
ck_7fd8b1470401695f,0.3798857642906858
ck_292f81186358b0fa,0.007486336763447758
ck_fa7de64d37287615,0.047106462716884255
ck_d00e09e66ed6458b,0.09166646731292946
ck_b8d210e741be186e,0.006005937411975859
ck_3db59982cbae4410,0.04515180961335808
ck_69887d0a9aaca6df,0.0031755478210645635
ck_4feb21e2fb0b3977,0.006188334462987102
ck_08c6cc1e143475e3,0.004466927418319786
ck_fe6e168cdbb46b9a,0.058331555244260626
ck_07f1734be7fac56a,0.042862771702674066
ck_d66d59981307db93,0.03957180549298418
ck_f928dba0d587d7c1,0.0025772906788762047
ck_786448fe3004cbd0,0.012030135281807144
ck_29ea329fa40ace62,0.011599602564983871
ck_7ea52b6f27edcb73,0.03557140604362391
ck_18bc51bbf3ef198e,0.0415589775265559
ck_44950df09ff14ded,0.0032789055936565197
ck_c1466b52c0a10b93,0.01699250063218181
ck_6cdac067cc4db5c5,0.04768521620808891
ck_53f55c6e8cf2d432,0.0044751115324888485
ck_95945f48453ca532,0.025140140331872163
ck_87cce4126e215153,0.013928797661240786
ck_1ecd5516c92caa4f,0.0024111004523651495
ck_819b482bca14c068,0.7798213125276179
ck_a61a879dd46fc9f2,0.03297922803560181
ck_af70aa32c009c3c9,0.011568856188932792
ck_f4fe78e249092ab1,0.06726505906378014
ck_12c46bc52bf45b36,0.009042116379016365
ck_f05f5e4b40afa52f,0.05314460668018846
ck_0f8cb09d3f4fc980,0.19672625888367004
ck_80a64a7f0275a71d,0.0042145412363338046
ck_683af7b1540a0b22,0.009776539438131202
ck_51fe0b613c076cbe,0.003947932080991157
ck_da1a2450219dcf19,0.024562228763500154
ck_2a7eba01ceba6c2c,0.21971356944025472
ck_4e329e29dfa743ea,0.2188938256785081
ck_0274d881d6db82c8,0.008478935214569976
ck_0af5b7d128035b35,0.013993388639240758
ck_ae0a7be6b0a0ea68,0.0066976748008753225
ck_de5bb7a4d091386d,0.31011661422755854
ck_2bb7c17168a9d17d,0.006538559973567929
ck_0ffdff7b2f5fdfe4,0.02695547051589019
ck_718a8390b3d42d7d,0.027136558368292808
ck_7c4f12d70f184533,0.0023874411326549
ck_d3e2c26b8adff099,0.00953832140059295
ck_ac9d3d9754104cf0,0.002771625158851049
ck_3b1766a1d51f8f0e,0.8014213424769622
ck_a9bf75bea912027b,0.01254903806294538
ck_687eab3ffe1f8cfa,0.019971929495596265
ck_25dd0b02af5b2f37,0.0985410931293641
ck_1747fcc466f0ae38,0.0028893895754476626
ck_f6e9d14dfb6f3c28,0.036807041067339064
ck_c6a7bbd0adc4d5f3,0.013159695652787068
ck_46656a23f4456d22,0.8319866019138811
ck_7519260415c2998e,0.019688324550288242
ck_754f30ea19df857c,0.054544471654778034
ck_ba88a244d5f7380f,0.029592657786529357
ck_f268416945316815,0.02096369839757544
ck_21860dd2159dff28,0.004257886484661289
ck_7a86ef4e2beaec38,0.002123255655965905
ck_0414507baeea936a,0.024686303692819128
ck_60796eb60fc3043e,0.0024598716030649645
ck_1e0841ed17fe0562,0.013907258363460925
ck_0d641d32658d6e0f,0.0038654433137863702
ck_b36086ae6d87eec1,0.005203266602835085
ck_962e65ab33b5c311,0.9317215892467916
ck_b046a42684468e63,0.009799495462912974
ck_ab3426435b0017d6,0.07390034696018036
ck_fcfe06e44d09a344,0.005958967991058686
ck_0f6d916c92189516,0.022009301654752348
ck_d4c8f0d957c3965d,0.02223897125493638
ck_2ca83dbd728af019,0.0037601121061134864
ck_2857a4ce9f72fbfa,0.002700635151534811
ck_a60e6edc48e3d0ac,0.34970367937417374
ck_0cbd3b27063d4415,0.07516659617159141
ck_612089ec90c37219,0.007144829188561965
ck_ec4e597f17f473c6,0.005933853972345458
ck_1c93cc58f314bf71,0.02125270882616444
ck_2b359a979520276e,0.003756861047974398
ck_1496568ddc3b2d56,0.026918955083822093
ck_41d91dc9f5063566,0.04310177648433205
ck_4c5ff58afe3d7a67,0.002804912309227619
ck_81709736281fa3eb,0.0024136177841040433
ck_d89abbab3d4957aa,0.008117450287545321
ck_52453401f88935da,0.02066202690460219
ck_a477654d34783e06,0.007613192305635577
ck_72dd0dbdf808cb00,0.03194794306797188
ck_c183dff3781746cb,0.053135234648069664
ck_c8b7f241810b45e5,0.0020270379144209857
ck_f88028c3f306bc70,0.013983943190054759
ck_91d48d69e4f5d9c2,0.020237494947343615
ck_b74b9ba6d7c9aab7,0.17582486603347616
ck_03e904682dc73bba,0.00826996265763171
ck_fc6fed6ea96a004a,0.01003114039947144
ck_51efdd240e34c642,0.10234920036134498
ck_e78ab4ff52b5fd2d,0.01071622003597244
ck_4af7b97c24d89a45,0.03396085675953363
ck_295c0072eca7f7a2,0.008609846770069507
ck_8abd1a50a9227463,0.04537081302804037
ck_ecaa6f13304e3dc5,0.0032546081286604868
ck_de436e7b319be1fa,0.9757059802953438
ck_c802cf8f61466027,0.003090111636241653
ck_3d83e0a3c1cfbf8b,0.0066918691656175245
ck_28d2003c2d16e4b6,0.005026681878410438
ck_8ddaf745bbb9cd62,0.002404150149647944
ck_493b6256091014cd,0.6098867631933829
ck_a2245822cfea997d,0.004848042800983862
ck_f7305b3c64cf8a03,0.05255335787443509
ck_9937dad93a0ed3c1,0.003533229224350921
ck_d654449f9231ad76,0.0067905293158611905
ck_850e2b59bc535490,0.033524312567320205
ck_e55e5bdfc0242aef,0.14886004116863386
ck_d35c51e981b98c5c,0.0074038962712618585
ck_27cdf9c5e6f0915b,0.012424027880319464
ck_d328db1e1052d820,0.011140212226922182
ck_0ea30eff5f361cba,0.004875429434732457
ck_9994323f97109f4b,0.9649755123438698
ck_09054e97bdf9624e,0.003827635973889823
ck_723b4afc388113c8,0.003508515356272039
ck_588f6e6a6a6d93e8,0.011562055413346452
ck_e1d563fab4d6116a,0.009825038621261379
ck_53aca610e20598bc,0.011230604654938001
ck_c8131ddc7ed33448,0.01618183237976608
ck_899f88464305824a,0.0232708850812783
ck_1c17c65804f8889e,0.014366084838709608
ck_45a16ce12893cf9b,0.012686833320266433
ck_f9d481aa4f9b2808,0.9046499971967237
ck_1d5d74169cf892ef,0.03274244445236539
ck_aba32acb61c1aaca,0.06263574898314295
ck_ec4dd3675a8d28cc,0.008151221402128784
ck_5dcd443fe0bbdeac,0.0032243189977819954
ck_3a47e3f54475e854,0.0038443762633478553
ck_a9aa5c344c315532,0.01832472862853481
ck_9652283c9f61fcec,0.005370552926480307
ck_752dd3d2487f78ea,0.005271961701394748
ck_a821980ac4db9943,0.18182924536586126
ck_93e0d6befb67f7a1,0.01483440083726204
ck_e7a3881c3e36bd51,0.26543102376640226
ck_12631b78f8a03df2,0.003303658767494046
ck_57b8226610b48854,0.008725074364303193
ck_352657008983fd4b,0.03525626708981198
ck_0841a5c24fd3dd28,0.028934596779169854
ck_db9b9d5d30f74070,0.03879158455850438
ck_a9dded7f6294e44f,0.014762709306235081
ck_91a16336ce3217dc,0.024397630927125737
ck_371bd9388b287677,0.004065893630132015
ck_f285e5e1912a7c62,0.004119089034580022
ck_368b65fca69fc415,0.03457072750356847
ck_d27a73596b6500c2,0.007175197421421505
ck_2d963f9b2c4d11e1,0.026351474799942088
ck_7c500e219af39486,0.0034027284392435576
ck_7d025dea5951cba7,0.008283332154074115
ck_32f632706608859e,0.009854061425526714
ck_53816231f3ffb48d,0.005112869826305534
ck_9dbe184e81c1ca8d,0.1893660617974003
ck_d74123617f22a21e,0.00371400891556935
ck_275386782b1606f8,0.008515384088821758
ck_0b0e79d33e50cba5,0.0037646571073493293
ck_ba93cb604f792915,0.022972466035183096
ck_a86cd653472eccbc,0.00868219859576461
ck_87771861e0447210,0.05259471975758402
ck_212380e0371d8a6d,0.023869012035466743
ck_ef0d702d7b0ed745,0.002530029634615884
ck_2b8f33e22f939372,0.8975380086415863
ck_480347ad92037105,0.01764408887618592
ck_20124c3a16c53ce4,0.3263895854712045
ck_c9e1e3229baae708,0.015023056589170447
ck_b1befe967f7a5ebf,0.031049452223214768
ck_4672167d7c989bbf,0.018126153550735193
ck_f0c44ee5e3a42e3d,0.01619344645877619
ck_c416357d20238a4e,0.007707766785160069
ck_d0f470f8078c91df,0.013218830157522326
ck_3a70b4ee59084715,0.00520634029966967
ck_179ed66cdfc1ce27,0.0026587588521343164
ck_387e5a7f163c7837,0.019060966492927742
ck_08fb463e69f647c8,0.9473777620416073
ck_732f725747393ec8,0.016469971277691942
ck_7cc5e0fa3ca5a713,0.008627795865965328
ck_ad4a4daa826ac68b,0.7780943342198772
ck_472e0be7a3b533bb,0.02659594605943083
ck_7190177963eafdd9,0.009504024273932241
ck_647ac26c5900f082,0.005446318583994183
ck_272ae2179bbd8e58,0.009419698221363194
ck_09b0d8af304646bd,0.0018149201830651922
ck_ca0cc8ea9f344408,0.004398040756652795
ck_332ad134fb909869,0.014559130139266203
ck_fca2798914627dc8,0.06468798459191102
ck_4450b55f462ae134,0.0051668624601288555
ck_d67d9dfb60b286b9,0.0026979754232181233
ck_a9d2bb4f2bde7052,0.0031243269579186448
ck_929bcae878a3ecb3,0.6162513833816355
ck_59a9e000fa275e1f,0.022541336070376807
ck_57f17254e2688637,0.0509429650817545
ck_0508908697f60ce3,0.15490382376222916
ck_946afc2943298d26,0.006089023842345579
ck_7176d12b18f2cc0e,0.01612986760194675
ck_5c47b49c26cce286,0.02985675074557062
ck_b6a2bdb2d335e1d0,0.9787706208287673
ck_1d58f6caaa4d012c,0.011075931286116388
ck_71c917295020ccc7,0.0030942916197816547
ck_bc89644ae3688995,0.00990778893485256
ck_e7c212f16d6df272,0.013358041528286634
ck_c6d2e11a368184e6,0.006248328063205497
ck_eed7f1f7548df15b,0.005062257677394673
ck_75b69034000ca7bb,0.03162475001990504
ck_38da3bf629458682,0.016769908150823777
ck_90114c891239d821,0.005426414772983471
ck_8ee08f6777cc155b,0.020957926319667898
ck_bd86132499defcd0,0.010061369290921489
ck_b95fbf2b5640aa82,0.011497903005548326
ck_c530235393360e3b,0.007318396038083881
ck_be52a7ec43241ba4,0.042046178823513615
ck_d96eb3cc55f2772f,0.010976807454884985
ck_dd34f0a844fb115d,0.05466929691254464
ck_17cc7b411f448e66,0.019174796086800686
ck_856ea65fa27d06dd,0.02374634325279438
ck_056d5f0301c30902,0.07577229024732211
ck_e662b14b2bab23a2,0.09281977263496186
ck_209f574c8d92274e,0.013111113016527912
ck_62720b81617896cc,0.011812217791402218
ck_041614694b77e599,0.005392741185445313
ck_461e3f7b97db8d16,0.007536953268179612
ck_1b74b798eebeabdc,0.013347818089574508
ck_0ed2739384f1d644,0.018315416244089243
ck_5a4d19f1b83feeb8,0.0027769089408970766
ck_463937167965a1f8,0.009702633740849028
ck_9d7151dbdf100e0e,0.021978237537197288
ck_20a7d1ce6cc27312,0.012895485946319877
ck_6031211ff118cf0f,0.0028025764511733185
ck_a6fc92aa91e99b77,0.7550457176720148
ck_0aaaa9d2f75a0518,0.009530329815541198
ck_ec26e327cc1848b2,0.01721000006611282
ck_0e6bebf8ae9b9b03,0.011675661969878825
ck_e107537a4cb738f4,0.007069754089623822
ck_e8ea56e122a5a487,0.026396413962995115
ck_98149ed45d38c4d3,0.029757599789184425
ck_0e719b3a6906b8f1,0.0027660208478542977
ck_0c6e7bd357e4a348,0.002871448487352166
ck_d3b2b250da61db19,0.9330318586166513
ck_8bb6b0a292754576,0.07971074559608218
ck_87d70f5fe48a6128,0.02280883636237057
ck_ea9edf9c107d429f,0.006509052957503222
ck_059806c52cebe4f1,0.0625121358562725
ck_a72d6df666e1c21c,0.003395971715917064
ck_1d2b80ab6c4944b9,0.005660950410975536
ck_60557f077abc42ca,0.09326201752995351
ck_e5f5cb7dd6ce4a37,0.012007982092786602
ck_4c4a939154446053,0.0039048556138164777
ck_50ede3eb561a202c,0.013327573306564856
ck_6d03a542922b2ae8,0.013030250240999958
ck_d6fe761ed0db3270,0.014314160924775263
ck_7f0cd6ea3096f985,0.00408025137812255
ck_23edb6d938a3b87b,0.0038970192288597
ck_799aaf9f2b9ef621,0.010969426113726805
ck_f8f6a03613b6dda8,0.02433830857907836
ck_7cffb189f4f514ec,0.9691627770841695
ck_c081e1967dcd811f,0.027749408344581894
ck_583d6ca78c97d91e,0.18978122046424317
ck_9332bbc7125219a7,0.005587294791772185
ck_956b5af6d7d86c65,0.9479653681575086
ck_2d634e3f24681c0f,0.01556398423497335
ck_7b35d218ed0c5a60,0.005553309687889684
ck_ca5b1057f8248f73,0.02380810649070781
ck_ec5ea81cf813597c,0.11359139069264437
ck_eaebaf4d28400fb8,0.017534717892157686
ck_ae2ab6be219219aa,0.003184725913614747
ck_d99a8b4c820eb46b,0.008925437090453977
ck_bcfb7ffb7cd428bd,0.007085071756395042
ck_3dd542c2d31be2c0,0.008112196804031168
ck_c7dd84401e29a7fc,0.002437831739910062
ck_c4bcc7cefd40f8e2,0.007242773192517801
ck_c251898b5d51e3b0,0.005029385414557768
ck_36d37be780c1291c,0.008753853033360412
ck_99b4f266b61ae7ee,0.019022101551586713
ck_c37f03995f0f0169,0.0034389841075372803
ck_65a23ac8e44eb901,0.004743884482999968
ck_644b1c1149eea9e0,0.012827028739970067
ck_9cf44eb0237c2429,0.0033135828004541754
ck_20541686a94fb71c,0.008370211319230967
ck_c18245be844680f3,0.007413929151224579
ck_56de216eda6b7fa6,0.0025577568563477904
ck_406c4442dee45cd1,0.002448500000898487
ck_df1585c7d72a96e0,0.002600314250264977
ck_b8e8dba20676d87b,0.016946605822789167
ck_0ee6965e68efc177,0.06398138729169642
ck_c2a5c54ad8d0d297,0.019610991414467177
ck_bf6fb7e6470e95cb,0.0017937179015179178
ck_27fa694569140345,0.0018783103200216155
ck_e04166b0ce66393a,0.004301846189422777
ck_8742114f4f0cb22c,0.07581295389112098
ck_6eceeafd56b42576,0.04513824057102524
ck_34f9951b0eca1965,0.011285946534729615
ck_384ccecd342a24ad,0.0038876926129557524
ck_49c98bebd1338879,0.0020928771167243038
ck_6c26c12071c91ff6,0.0035263693130887577
ck_01e5986ebb9a78f1,0.017392610421957846
ck_121db7ba3be29ee8,0.04366067516756952
ck_039e6d5a330cea1a,0.028398246796878968
ck_ae8c9163cf957d7e,0.033150061677417485
ck_3f5e8f3f1df0c8c7,0.1597593925628547
ck_b1c51fdafcd80122,0.0307333938830598
ck_12e2b5ebfe8986b2,0.008272115652882488
ck_d55eb81a4d543c59,0.009341141869440912
ck_f85155ca5c312c7b,0.07522763373666982
ck_133d8a1ac7c0e301,0.9688565224367706
ck_04212a9bb9b28696,0.979689674098552
ck_4cc11c7d3ca61f73,0.002438554379412932
ck_2df4854186ec515b,0.018309336472017025
ck_aa9b28e7fc43af79,0.8078683334637665
ck_47cad6c3def4c9e4,0.002914802009923009
ck_fbff7b5da8111567,0.00802352428114025
ck_bd25ea782e375b22,0.03182423416910435
ck_7989376f8cf64a9d,0.005892765963782276
ck_675c0ca1ebb1051c,0.00616394422519511
ck_1436f6e11d4008f9,0.012740132846106556
ck_812cb3a4482cc618,0.006709146020068028
ck_6e606f73a1094afd,0.011018698366431757
ck_1b708e2a4a0584dd,0.00885582196515247
ck_a60d6b324bae0330,0.03133641395915697
ck_706a4f673a9fda3b,0.569951131747741
ck_a75ece9a9044eed0,0.0026886627680986442
ck_9aa45c4e03c8c57a,0.02528801011076765
ck_9fe9bdce982b312c,0.05191472538201798
ck_c6fbdc5ba68a8466,0.017061975185658485
ck_ed0cc1b1c28f9511,0.09771976298274372
ck_a4e2607b4c8021e8,0.0026168143014976713
ck_e02f93f51cc8caf3,0.003959558137233121
ck_7084ed3cf20781b7,0.03363907687058726
ck_cd4c63155570d6ea,0.011604944249845489
ck_d1b9e5d32d2d789f,0.003315820839461176
ck_68f56f6560a7a933,0.01118598777255461
ck_8bedacc6233c6269,0.006179991960994719
ck_ab7cb50407d6b13e,0.01760265452797134
ck_f17ed7e0fd687742,0.028688711467310828
ck_b0fe4b92fc70f72c,0.0026183502635018104
ck_84d62b8196da2452,0.009684317578041715
ck_9e298cae167f4693,0.007211482237768521
ck_405b20ef9ad0ba5f,0.23045080765291676
ck_813e02e1ababd177,0.005214807233404199
ck_f234ab47061ba7c0,0.002993582856883689
ck_22b587c18363899a,0.010582604401446488
ck_4e862c2f48c38aeb,0.005455092376845712
ck_b89cb90a420c9075,0.0069423708050482535
ck_be2251640f27a3c9,0.09752107578533883
ck_46bec0bff167ed3f,0.0269626470261445
ck_c0032232c2868328,0.007956600187369902
ck_030cf09525dba4ba,0.0023978177143792983
ck_6ecf56236789fc09,0.9407027242995184
ck_38d4ed52cbe6d123,0.04109722301680544
ck_2d923d957ffd4d53,0.010545651204746551
ck_3af1eb88728ed8c7,0.008970484549064465
ck_2f8120ca80a1592c,0.0065497721521387275
ck_6cabb1a133f0b151,0.01101121519130148
ck_bb6cf7e7b707731d,0.9372008970846547
ck_c8307fecafa90140,0.007849050837685499
ck_75f968be67f46d24,0.021152827566709408
ck_df6fe4ec5a233213,0.0033929692737416617
ck_b53e88c0e927d896,0.002661648286464237
ck_f0093064aa28f4d0,0.020130657078690144
ck_ec9976cabc63ff92,0.0053257141367246425
ck_30dac0a58c5590cb,0.09002008561203297
ck_348a525791ae6475,0.03776570730484363
ck_b898d912d1181ef9,0.022790323093617282
ck_f5b1200dc6f95760,0.026191588114203385
ck_54978a073e7a0b1a,0.011087936161090299
ck_55933936536a4071,0.004539230021698622
ck_d6ba7ffd2ae08863,0.007870828763535212
ck_404e2217fd87fdd2,0.0037370831285015935
ck_dfaafdaefa5716b6,0.04688620860545157
ck_556c62e92d4e7e5b,0.06403668952679993
ck_7ce44f4e06d58111,0.09012417018498727
ck_465cb8ce232c7670,0.005248166057835792
ck_237508ca4fb37268,0.03706240272493695
ck_ba4a6b9aa63964ef,0.013891133183774926
ck_4802a0a7a1882c88,0.5507160117427029
ck_9478dfe4114c30f6,0.007570211379487546
ck_5138f6c575dec64c,0.013017125880702812
ck_aebb42afe430e2e9,0.004630706441211152
ck_004efa95555437e9,0.007278527384647867
ck_11af112667c98394,0.014584086735882342
ck_44e9a18a8645c9d3,0.0037454922301405082
ck_2605fd571219e28d,0.002083853631990253
ck_dfc933493561d84f,0.007881878874917656
ck_67674348e68d1f25,0.0218943248271549
ck_dd97429277a2fa00,0.01724402088095116
ck_d3eab7a06eb48348,0.024794486503683724
ck_0b9fcff9667ec05a,0.005744015321425619
ck_fc4bfd6e739bddea,0.002493513015790848
ck_43292f70a03ddf2b,0.016180812556213595
ck_5ff6108056a3fef5,0.004160487139077398
ck_767e0be086b5f601,0.021399283568946104
ck_b8465b1a5666155b,0.01327726433735939
ck_ab2e3fc56f5b3aae,0.014832750380099824
ck_1833c81d693c1e07,0.9016847085498313
ck_0308e0602b856445,0.0033011780948211085
ck_ccbdfe744acff8bb,0.02221568309886381
ck_b294aa27a0b586d7,0.0032215539037642902
ck_a3747201f377626d,0.9500090002846493
ck_edde1d7d1db24725,0.020024098628509467
ck_ae3b47d6e1063704,0.007751230017881446
ck_3aabf5e0f4defb41,0.01960208341556408
ck_f034adb57391f3d7,0.046747266418192726
ck_533672fb40531607,0.033987950380884105
ck_2a244f1ae08ef83c,0.011746455106065793
ck_a35d81bcc54ece2f,0.06089336316056251
ck_78a61215675b38f0,0.006031644541755978
ck_e013d88ea7939616,0.007930187215133739
ck_e5018f9418e0102e,0.03692884944823666
ck_d4e024fcda401a31,0.004564405010092153
ck_f736cffbdb82db34,0.0019843547749121525
ck_1507f5aa50cdf3a0,0.01233603196471201
ck_18270fee7c8fcee8,0.005466623406591646
ck_95ffa1a805a1c9d1,0.005525546531188927
ck_11132d245b94d045,0.004529016919893531
ck_7b93a622e40d8b14,0.017611724346319232
ck_3854c08d17704347,0.03600122628780207
ck_7717fcb100dc4b5f,0.020490198908280653
ck_ba54e0a1c328119b,0.8987934853107878
ck_a7afdac4ecbf2de4,0.6523160234356127
ck_ecfb771ed2352085,0.007751606489192188
ck_68be4fefc85a6b64,0.16786593984426923
ck_dac7c50bd6d0148f,0.0040205937759197966
ck_87cf36a03bd63c24,0.9301831428151454
ck_8adb40b168b59d7c,0.05048863403040975
ck_8d2f62930777416b,0.05016059770295432
ck_9958b58da9e3c21c,0.007531876558394511
ck_9440335375701f44,0.010780102208569153
ck_e2f88e202b6f700a,0.020448477456496632
ck_4c7c50684827a2cf,0.003452208423051009
ck_8a6ea4a79b1c7a8e,0.006988865351005141
ck_186dbff4b24a3bbf,0.046146473021564514
ck_220fda3c11c59b6c,0.16619478731375553
ck_3acccc69f8b1fd14,0.014738948325009877
ck_9de191bf79afd676,0.013382173326541052
ck_6de6b1663f9457f4,0.00254149354827743
ck_062754f8b79b86e5,0.0030872728057272395
ck_aa153a89a52f7eb5,0.017569850429790132
ck_34a6bd3be642f15c,0.024770652422361043
ck_9371c700d9830326,0.015034880614630725
ck_a99e0c258ad7576b,0.0077372030325932985
ck_0a7ba51d626e932a,0.02532478020045114
ck_852c50bbba1ead13,0.012250314348917227
ck_43dc13b6b6d31297,0.03128512068029162
ck_7d81b59d615a6649,0.026480508502791284
ck_39a3f1da060e88bf,0.009671942576779077
ck_6fb2d142c09ed3ed,0.06357519631209056
ck_6e5752b87324b58c,0.006135082332165247
ck_9441d48a12e8a4bf,0.3676813582495343
ck_09e9c51eb538b255,0.006377208379155244
ck_8d0cd981ed3a183a,0.011810804022666694
ck_57c07c45269ca8c0,0.004320693431972535
ck_ccfc9ab888ba933d,0.006095444518265149
ck_9658a6ef471053f0,0.004411222609446043
ck_dac3852758f4ea89,0.0028875977653592525
ck_b1ed2278f5f14d82,0.015191630361029277
ck_333544d173524f70,0.05076887641572843
ck_fd4582e3853ef23f,0.011488667865195992
ck_614d936cef98db04,0.003963192325139116
ck_6bc351a3d57aac54,0.018236922340325902
ck_af5842fa7202ff25,0.01869810569763396
ck_81307759252571be,0.006016205022972072
ck_b4d2f02d2cd45720,0.8883927785140507
ck_1bd753a4681946c8,0.9071139801496926
ck_46d8c029d46867b2,0.0034291276488852248
ck_b7da6640fa2f49cf,0.8934832404272172
ck_9ea3d5a5a91fef9f,0.0193745449860841
ck_7b922518f667f76a,0.0020027192728451757
ck_2a5b31594206eb30,0.3767292180191709
ck_d9506476ad3f9e08,0.013907494967430678
ck_c8791f7ebd4d93c7,0.0622597459775429
ck_b5a3e20fd210017d,0.006899857193404068
ck_8e54386f4fe22cad,0.00755938262030202
ck_75296704f5806f56,0.07750873354676209
ck_0fbbc7a6af300368,0.003926653184016514
ck_d19bf4dc0627113d,0.0041828828897625975
ck_7951bd4eb99a0175,0.002488507939147573
ck_059e4fac6b7f704e,0.019972999995371537
ck_2ce8931af02a2ce3,0.013381007026908576
ck_9e665618a4860306,0.0041320077876387225
ck_6fce5a893613fd2c,0.002116035360352463
ck_9e3fbd04e3532f32,0.2337852722045096
ck_55f2ef0de3420e3e,0.027760108214905682
ck_8d87658a6f5d204c,0.4059512634517127
ck_6d6ac1f5dd882aa5,0.0029567488491090256
ck_55d0c7012d7ef236,0.023611085431673732
ck_7738eb085e5753d6,0.003327851733383532
ck_0e6e05c3cc8c8242,0.009127850624845165
ck_8d27ff8383d48132,0.003967595471407478
ck_9afc3bb849f3a64d,0.012649087611538328
ck_27eb86a9898cdfe3,0.008192210831718944
ck_1d40e4fc541abe93,0.046811700413053395
ck_4fd9dc00e1913587,0.9678650571100045
ck_b26cdb2b7b165d2e,0.026164030850824766
ck_a79a27767a02e31f,0.02497621637425469
ck_f0c18cb9f951a71e,0.0195877199714923
ck_50460e0189de6274,0.9353000122252746
ck_5e5280539257c986,0.010212675522285374
ck_eeb854318b3a6f0a,0.004933147634438896
ck_943f66f28dd24750,0.0018803938212960142
ck_984dd7452aee372d,0.04814722819125877
ck_ecaa6de0aca5e9a0,0.016730267723615258
ck_8f1cbc432e2774f8,0.04578510054209249
ck_d91d9f8445b9769a,0.8937508305070374
ck_73c18e03e3c7612e,0.00286790526641374
ck_aded05ada490da20,0.007793120923951411
ck_f744e208183971f8,0.010374173457626817
ck_02d4cef6358ad3b7,0.003102555797539726
ck_08ff5bd467226a5f,0.0030232808984009874
ck_f824b326d5089885,0.05338702859895785
ck_3420f2fd520890f3,0.019360957814200684
ck_1838cf8d00f5b1e1,0.020920054101319564
ck_a85182ad90b6f1e1,0.002278174493602185
ck_fecb39c82c43e76d,0.002730755172144001
ck_162513e73782929f,0.028561302796701903
ck_2c27b77c59d8f23b,0.42481742079117274
ck_4221e07b17388fd3,0.02315388263545412
ck_adfb8472d5c3d669,0.009182826407843892
ck_0742fe64055d686f,0.0039699176748943495
ck_5060aefcc8b6f958,0.01033601899346048
ck_643f549b4ac78a26,0.11791127677490328
ck_dba767885bd6ad69,0.01735397287091928
ck_0dda35c0c64c7073,0.9554615725540463
ck_38ea56d43afa5660,0.023691485405725386
ck_d813e15ac91f487c,0.0980633506936001
ck_4c840e5585a7b167,0.21782626106006112
ck_cb8551453a7bb929,0.004023328124381569
ck_05a00b1dd5a03359,0.005705287341350312
ck_837cc7fd48453a01,0.021039208801052773
ck_49dd816b31fba6b6,0.1893087336356264
ck_86a61d9a39768e87,0.01526523338348693
ck_cd0e76f0e7bb38cc,0.006102806586988142
ck_dbe58392635133ca,0.05006427570716876
ck_3caec7dd6f8d02c9,0.04530482323252131
ck_bfd9bfc5b6ab4a54,0.014832523245080775
ck_2103399bdb2898a6,0.007538574027852074
ck_329f7de7279e74c5,0.00782958276576645
ck_9bf0d28119fc42c8,0.018436583930011585
ck_f781539b1042dc83,0.003731402052983175
ck_9986c7d781ac6b4e,0.007786321256452544
ck_a627734880aca848,0.005999680331021765
ck_2106e509d77fdb4a,0.90877564082708
ck_420d1a9c604293ce,0.011519634285416738
ck_fce0610c527e2b56,0.09729809400089559
ck_073da541ec3f9d3d,0.012808726334156542
ck_aa5f3ab48c17fed8,0.18138833932389947
ck_0fc1086e1c9e04b6,0.006771184753327557
ck_5c33bb46c1a5945b,0.09896969103218063
ck_500948a8d4bd8e13,0.019182095118214223
ck_19becd44f2c3d2b5,0.014133623268515508
ck_7d0fe77dd5ddb656,0.041321123373750254
ck_f158d9e5f101bb35,0.008421724085913778
ck_cdd7c77823c2257f,0.021400949461078424
ck_6c7b41374f9b2e55,0.010213718340188978
ck_417090dbffb1a63c,0.013069411143954305
ck_dd0e17605f970319,0.013003643280805105
ck_3646515079e6be55,0.007983324229318032
ck_89c8b06aa8c84b2d,0.04015475609285734
ck_e4d6dedd97233c07,0.018513383234809683
ck_bc82fb1895fddde5,0.004296314793024258
ck_88a8b1d442ca3686,0.033733130082466214
ck_5791f8f76a629a4f,0.07976823353987698
ck_9cf5e88e97c8c7ea,0.03283610313358361
ck_58fd684aa5a6f289,0.0020795760397629448
ck_9800c21dfbd8e811,0.009772609194605594
ck_8ae64df60ab6ccda,0.024292145009302067
ck_e535fb0f0c00418d,0.03626673811493824
ck_48011996d54855ac,0.1604991595814525
ck_ac79c72a8fe3fdef,0.009485598567096331
ck_b8cc2df5192bc49b,0.020312665442744633
ck_e96a5e1f08f8a867,0.0029595147396969204
ck_84df6770549e43fa,0.005240132769265595
ck_e5f7b99ba6ec5767,0.01672572533125287
ck_8347455ab53ff620,0.011167669398724033
ck_a84f2cdf695a71d6,0.009486335843255322
ck_90456160115f9ef4,0.0024093203676862386
ck_ebd178b3f3a9c50c,0.011326140050243256
ck_e1140be6157bacbe,0.003551457215381215
ck_744ffc11d32b96bc,0.005396954017999114
ck_e12a9f7d027e3387,0.004466943795614104
ck_cbe525da0b69f18a,0.023735454276691652
ck_aa59702537557ff1,0.013358240239740735
ck_0348cc6908f7f3af,0.003037548015294067
ck_120e995d50956bee,0.04249923492912155
ck_9fcde1ff46cbbea5,0.006692021169824222
ck_54b0b070689c50d6,0.0021834124259574074
ck_966a167758fddfd4,0.04605622340639173
ck_d5194f2e92fd6427,0.03396614139937637
ck_2ee84f3fa27f2cb8,0.005603386486571452
ck_57d0a7eb7eae2eaf,0.030594048081700843
ck_6a2c4edd82e10969,0.003465687625908767
ck_96e4d38ef670eaff,0.013069557465495318
ck_52cc2fd5095b169d,0.015218119805359104
ck_4b088920f3a844c1,0.02517017058434698
ck_8f3ccbd20d59f1f4,0.004904673403024721
ck_e5e5dc431bed6f9d,0.013794931225749865
ck_e8b5bfa6838e28d1,0.017705012160255475
ck_4bfeb78b47b7c6a1,0.032767060308699573
ck_a705c61bd679496f,0.005596922827434394
ck_731869a0c39cb2fe,0.016244748443855334
ck_259eb102342057ea,0.004863251926302712
ck_47a6005fabc33551,0.0022491265174028473
ck_682262b455a9edd4,0.0037838331438562905
ck_e839d104854945f0,0.008183729290359732
ck_761989aa4c47d746,0.040152641479117304
ck_44211dc210139ed3,0.008506288338174914
ck_9915ceedf63a5289,0.04410931358756913
ck_da59ab47cb6284ad,0.002008581574560937
ck_e5cdbfcca2456652,0.0028662970858011616
ck_13f2560c6a1ec62f,0.02826160421117415
ck_a0543e9b3abe1001,0.021691776454331235
ck_11c7a58e09e6547b,0.024201892632625704
ck_69587a134d43a4ad,0.09614564651032569
ck_28dc0de0ae291f37,0.02506483854908966
ck_298922703c5bbe05,0.032728684638966374
ck_fa5ba9ed9ed6a343,0.0214566909532265
ck_c08e64d424e56c05,0.017487091505936768
ck_598e036a28262aeb,0.03636004599786484
ck_3f7c870510083a51,0.012189570344253092
ck_364f8203a3e98d36,0.7580215086073574
ck_7333cedb61506ead,0.00933971213848865
ck_1d96d7fd65f208b2,0.05864397475358306
ck_63133a79f23e2627,0.013890652941491593
ck_901d820e0b72abae,0.00849052389404889
ck_5dd80b3c01457bd8,0.022865506527749855
ck_c0b8067c144ed6c1,0.018739095486387948
ck_cebb8aa8c8f62c60,0.0033068410764164834
ck_79749eca42ff1f5f,0.012446823706111509
ck_2cc1d9b587f6da31,0.088131429852583
ck_ccc7916b56d42195,0.008943842921501372
ck_e43e53cc7b8b8e41,0.010693344193127317
ck_4ab74a6e7450416c,0.003359743391897993
ck_6e44024e9de301c6,0.0026413670155826744
ck_dd78cb6ae2866cc6,0.0074215985850706835
ck_c363d3b050baf3b8,0.025245272616310755
ck_2d46291975f0dd08,0.002437325263264246
ck_76ebeb5aee42f041,0.02525969820153958
ck_8395f004cf4d4c08,0.005216080512831036
ck_de7259c3741db179,0.00640264761340969
ck_3938e92585df2b34,0.013752787175043824
ck_af69bfcf4f07d932,0.03160425000449079
ck_1723900ab9afe374,0.04169235426674402
ck_3d58628d1c853c8a,0.0076061350134759885
ck_12a074db100481cf,0.1986704500726128
ck_8716cbf892c50e29,0.020149485479877223
ck_fbf7351958ad9615,0.011187662818485246
ck_a50370907e6b397c,0.01618748602072617
ck_937402a60df0821c,0.0035900787258317654
ck_8ce9c5807acbef48,0.06252999401246864
ck_acf7d65eaaa4c31c,0.0023789476713453155
ck_ec3eb6dd0967cac5,0.02550319164010557
ck_fc832b0c90c9bdb9,0.8704516594438486
ck_8129e81cde280131,0.009580886285869278
ck_52c0ef68aa2fb8cf,0.009339842599548592
ck_06f042e9b1b662fd,0.02733940394866554
ck_0bf35dcf7b38f650,0.002742359587706247
ck_615763afc2e17a7f,0.003752467473156474
ck_e72db9d4b2fc9997,0.9675742192117058
ck_13757bf0eeb353e2,0.005999816117332907
ck_abaf371ec8249c4a,0.06872526092197695
ck_9b7167da0920c37b,0.26282640703697047
ck_2e824b0b27494a17,0.06841828967791753
ck_9a0b605e9c3220c4,0.009551502869306342
ck_a5276af466b681de,0.004188150639981163
ck_9e0383e1fb6e214d,0.30347735618356186
ck_6a27c44b691dbfac,0.004381654201341872
ck_af39767cf583905b,0.01153553648740219
ck_243b1b9fdd3f9a74,0.0019091267337127502
ck_c0422e638a9c6046,0.018990938850907742
ck_e0f3ea3373dfc4aa,0.10440512179368604
ck_d56ee1654378ffc7,0.0076881690947176754
ck_20cd2f5666719baa,0.002890727099206619
ck_4dfa1c1e9b69fcc8,0.14200368972681998
ck_5d22e9ca1d15180b,0.6973073611611683
ck_f4a7ac178fd55f0e,0.0027282938932481175
ck_fd5609bd23a1eaf8,0.005336659919617284
ck_49c3bf13dc9471ce,0.026021767040028055
ck_724085c3452d4693,0.20949166930242344
ck_e5d1462846154a75,0.04075508522799295
ck_c69ef0f3e7d6acf9,0.05315150690071792
ck_a2d0417791d4132d,0.008906291340566561
ck_00a07fc2a9183c3a,0.002958833820119839
ck_781b8288e54ba8f8,0.21044074443641997
ck_d74a62ab3804a81b,0.008937593463292284
ck_abcbde211b6267f8,0.025840439956703216
ck_16dbafc035574654,0.0022963381409306857
ck_018f780215ecaf38,0.012886736075131563
ck_0b259620eac51618,0.005089297347650068
ck_4f875342394c110f,0.044907003863669324
ck_399e45e5fe9beaee,0.005369331073387428
ck_36224a2d394ebfe4,0.04949925312744978
ck_c189b551bd111332,0.0024829246545698806
ck_125c5a720ecb177a,0.0289131213290707
ck_76d010aa02eb477a,0.0020756232471096166
ck_1071d14c46c92379,0.8642736433049812
ck_61d244b2cde483af,0.012757855745197296
ck_2ff1860da2004c84,0.0036041732791917587
ck_c5b583490198672d,0.012915677434501185
ck_1294f7af22fade11,0.0928094745251381
ck_e3a22799716df39d,0.0075538946975564234
ck_c77e22834ef97005,0.8803174471826084
ck_73d3689728270a2b,0.0031011292298326262
ck_295565fbf77ef885,0.003141005176694963
ck_80c0a7f54ff4895d,0.004846461075312418
ck_f1ef5cf7f10b16c8,0.018167927512602836
ck_a958b2461ffc21a2,0.07375999278511754
ck_0e7899a57cd617d6,0.003392883041992749
ck_9d4fed252718f58a,0.023984685933624898
ck_83c2c34add971d76,0.0023850131866822574
ck_9ccc030ba2de9fb2,0.042944573744372314
ck_cd691e3466fb3742,0.005403979779207023
ck_49df70f908dfd069,0.058633455689912115
ck_362ce13eec1e33a0,0.0036109460874189044
ck_2452a30397dfc54c,0.009978809600835114
ck_a443d49c2b4863b0,0.006300483960552622
ck_c8b2e2cb349dd0ff,0.004340546986849435
ck_354909fecf5da8cf,0.02271558640573008
ck_841f598bbd54c83f,0.049657615887967466
ck_cd6fbd4e8724f994,0.033347843587808595
ck_e0b3158111370118,0.025286995995667073
ck_4c2f2eb657c2c60e,0.003069474628734448
ck_ef346071f0b7654b,0.009567377751272055
ck_f3bc10e3decefce4,0.003250670446017181
ck_189b6fbe9b9192e7,0.016898869568145243
ck_5245cbc5ff4d4fa6,0.015196853903075219
ck_cb42e3be6fe87f60,0.0035461823350671474
ck_966d4d713cbc7792,0.004174927402028457
ck_1c8c969667cbaab2,0.9470089590162031
ck_d35e3aa9ef5d405e,0.18515180761368089
ck_a1c39df50a5873b3,0.023173928723406127
ck_a152165caf295b51,0.0069390921835753875
ck_891eaedae139828e,0.019553876991288927
ck_1a46b56f4734d52e,0.029463231703392073
ck_5e36042cfad96c99,0.8998951716159723
ck_02a8582c2603e675,0.020111084946975173
ck_6def9d0429e4ed4b,0.01346078090235502
ck_e137400825a1e3e6,0.005274619811732618
ck_d91ab840848a54fc,0.002868885550622017
ck_becb6e1c608e0078,0.002917582226628661
ck_6fd8c86ac719d7eb,0.08082003824009602
ck_3ed4d13f12fd9d0e,0.0157020878021992
ck_007337aa99a4891e,0.0021163716015308947
ck_60c3d8306527a08d,0.0030364601305171747
ck_95458880a54df0b1,0.3386416429391278
ck_b48cd8593533fc1d,0.8210472574512767
ck_021c6a4a7e3f1f0e,0.002468087069361976
ck_764d40f865e710af,0.006729049776288014
ck_4b84357ae8ec7777,0.014584124776513224
ck_3397c7856b4669a5,0.0027686913947046346
ck_920bb003b42e6310,0.010202154704985153
ck_8f59f11b512d5b7c,0.0316490032389947
ck_a3acf4b986afa98b,0.754952329882435
ck_e89d25ed7bdeeaea,0.004786934997824172
ck_70e6bca473bf6902,0.007977027007990047
ck_186161ce152836f5,0.008962221442918958
ck_9191579254663f5d,0.007468986764382885
ck_1e6628879e9d653c,0.017413784948815604
ck_b498fa91a0776ff6,0.029720448672517975
ck_cfc2384f22954830,0.03031616864383079
ck_17673a1c2867888a,0.0025844669348184515
ck_523dce06515b072d,0.012421345814085532
ck_c20638a325ead2e4,0.004126574292330553
ck_d3877e1f907cc148,0.019257482566384293
ck_e9a2495dea8675e2,0.011382906585605125
ck_7e561caa5fa1f3f1,0.009961469720642931
ck_455672e652fe1abc,0.9037492095892418
ck_7f8f864fcc90ca82,0.06520395820222666
ck_1ad36046aaeb816c,0.013868111575910358
ck_de056e37c82e8e00,0.012523853481607016
ck_7484c214c889fe7f,0.031777521292247604
ck_32430e678c4f9f53,0.004562820071532757
ck_6276ece8f80ea799,0.009056686937635405
ck_ae8e5dc4b725bc25,0.018099383252742636
ck_f01be92dc78a2dc7,0.004549294012401356
ck_233397a8bd40d38d,0.00670389104544727
ck_f8124911450fdf31,0.8961213864109254
ck_aa0a3179f1111674,0.012788829760293708
ck_2366b29ed9887a5e,0.003060551455740528
ck_1f22f04dfc08cf27,0.006084905578904393
ck_b62276c3426d680c,0.02592279890902351
ck_d099fca88691f66f,0.06944054639318573
ck_166bd1dcbaf4d6fa,0.0019452204310223234
ck_7b1660e942436e12,0.010609975089017915
ck_4a9a791a1d409a3d,0.025947017599077422
ck_b003e5b54df65db4,0.05980549597223005
ck_64b4dcbf436f0b75,0.009064970628880818
ck_26e9a7bb2061a58e,0.566931821958309
ck_08b77ad5f8f73007,0.0092572599999042
ck_366616a725afc6bd,0.021151187483947124
ck_934fb5064b6eefe2,0.004932910052856157
ck_c6abd5d57b1009d2,0.0044941138452018825
ck_edcfa9e1cf29d813,0.03739097100397504
ck_c30201ebd003fdc7,0.012519205995386404
ck_c54643d94d3ce355,0.07059876778105068
ck_02adda6e91e49650,0.01185611021028794
ck_5b73d7c5255e58a3,0.16312890235046368
ck_129ffae92dc01408,0.0024120297761705033
ck_fa321945ebedb916,0.02049166508831654
ck_8da980cb2e1e2bfb,0.00642624942314452
ck_0576b00d728bdf19,0.013517698355861255
ck_c543d82e22b3c8a5,0.004527064565234723
ck_0027ba644f9ae2cd,0.08996491899973336
ck_8dbf61df902a6bbc,0.0030530078489084504
ck_90eeca1cda79fd41,0.004270664801433413
ck_86d7127391d4e01f,0.0023174151538613527
ck_73762038c7ff2f6f,0.002843950035999182
ck_a1484e6215fac651,0.9534562254681724
ck_cb83b9f806e90dc6,0.14227494064603974
ck_8c6f059c95872126,0.002144336598127838
ck_3174419a81e7caf2,0.003550851376777333
ck_6a0f8f8fa4a3c2bc,0.014300474260103687
ck_b5777605668bfca1,0.002531389326023827
ck_27e4de495abb4d15,0.03025853736468324
ck_7f6fa79c7a107161,0.011566177229877966
ck_c36ed9f8e6792ea4,0.004757661571045402
ck_67a1aa88d2ea554a,0.022223691471346157
ck_09748dfe4df3d540,0.003114675510933604
ck_27fd85b1e38b675a,0.0024661993720118697
ck_2369689bd795ee10,0.006925913249714873
ck_4eb1c12f7d092bac,0.0024806273665688517
ck_01fbafc42c8e33f5,0.0054255022623694756
ck_93c4e05699b3b7d0,0.014520754850768383
ck_afc484d1b6907983,0.0052573973410294725
ck_1b2d9cae92a1aab1,0.0651774634204405
ck_73b729cb161487f2,0.015264904197271103
ck_fe3c1d0ac090d960,0.03826621799174037
ck_408efac1d3885ff8,0.06057562537513199
ck_ccb4dd9d0a48a76e,0.009967501742982495
ck_2987eab34ca7805d,0.03136031539437953
ck_1dbf1f15193197db,0.035429602934232154
ck_4ed711fe4053e74d,0.09866833228827435
ck_6c54adce174f45f4,0.0028288113352664943
ck_a6c740041faf0bd5,0.010213871109609605
ck_b05c4d33c4f43639,0.16085435601500833
ck_032880f1114dd51c,0.020355620570833666
ck_22311b037456a76e,0.004165810655227806
ck_5866b413549765bf,0.004281188382627653
ck_0e808afe2570ecac,0.010278051307899393
ck_634276b05f4381f8,0.015149802665688949
ck_5d8773badd0d4740,0.010038097300707892
ck_82b5b79ce3517102,0.9199892750456847
ck_b378b8d8100ee4b1,0.007345159402646699
ck_54e581f71be5430d,0.003857817678905297
ck_798ba4b8aa544fea,0.0025857630667567343
ck_3fe86b6331ff95e3,0.1140486383239763
ck_81275d9d4c559e6f,0.005514538174229375
ck_99a4e5ef02d89493,0.010668269522225058
ck_54e2eb018d947790,0.013609865292381878
ck_966901ea9c77cc02,0.004453559556146615
ck_27d69ff4e0cb428c,0.03471575260381321
ck_2cee2dd7bbfc09a0,0.8420368268258553
ck_4136b00924695ab4,0.0019471904680356737
ck_59a164c40c03a45f,0.005016536005085711
ck_3e24b026bc66789b,0.003734238510335082
ck_8105bcf69a75ee47,0.01117237051773847
ck_7a1782cefe26a456,0.046477396660039964
ck_970c7dc195161272,0.002330055286102068
ck_a48ec0c00ae20e82,0.015183852384340075
ck_54b374ade34e1dc1,0.003331900903926621
ck_74e5dec189761d14,0.003725102301058228
ck_4717f24f2c6f40e1,0.0504871468021289
ck_fc8cd8a8209e802d,0.012848041731843854
ck_71db4131d7efe218,0.004326745875469818
ck_45424ea6f0bc4650,0.08057131493432533
ck_3716c6181a5035bc,0.017020709286352447
ck_26de14b96bdad4f6,0.01284509302236921
ck_99c0a41ac9c73857,0.004126559087568515
ck_645f15bbbcff3b4f,0.9490981741712486
ck_b7e25ddd41514d4c,0.00316951360393678
ck_d5c14e877ca7b755,0.004911841120968468
ck_05ea4440dac6cfad,0.017877700110073804
ck_c58bafff7b1955cc,0.010348259234892316
ck_f0cf85b67a9b840f,0.014316470726547834
ck_ce1500a7f0d03fba,0.00539479511468168
ck_d4972a775aadbbc8,0.010420945860242234
ck_3eb6146c262e0fc3,0.0026946986283292885
ck_afb23858a4ef42ed,0.9547119222180663
ck_2c1def5c91c52a5b,0.7196876746188561
ck_72e550559487b919,0.006639233544424044
ck_0284dc2b4f856b3a,0.4483198791609689
ck_03be334935e999a2,0.013446353157958562
ck_e35a4b4a3cb4cedf,0.02152109033342509
ck_5abe57dfff4b735c,0.004265302263842705
ck_f5f87f772388efa0,0.03756902510349869
ck_5a22cb36d612236e,0.003394966063173313
ck_8ff1e6028e764472,0.933898009026335
ck_2ab28149b0986642,0.6061881897072503
ck_c88fc1bac79fa6d3,0.04228459749476149
ck_5b137d74bba6b1b4,0.00245706154907182
ck_11f362dca2dfaf5a,0.011848761978694024
ck_7f960541e5174565,0.0037527570923103215
ck_d5458ba39ae94498,0.005493413765749045
ck_0a921a73a90c2e39,0.019365656732300073
ck_6ad56ef40086dbe4,0.007016366143169294
ck_b68199ecccf2350c,0.0031013892352378
ck_6dac66c8198c07d8,0.02259161901501032
ck_9b9ce7bebc235fe8,0.0037907465050716974
ck_6b817117d87063a8,0.016523086997418147
ck_900d62b3184378c7,0.0017701199525242746
ck_eafe9b89857149b5,0.012016175867124227
ck_e74716a525ee5b24,0.0028727974585116265
ck_4e9a6f06ab134102,0.015394298048732926
ck_b0d33b5a3716661d,0.005689910412067581
ck_8703543bf3134306,0.01146569347710428
ck_923d6a0f83accef1,0.013079229809539331
ck_52e37e2170532e2a,0.09889867073486008
ck_c1c5ea839c58958a,0.017939717487682964
ck_660f0006780e87e7,0.008682201082723199
ck_830b2c5d1818ac07,0.05762757997045616
ck_b080ff636932d1f1,0.011724161981398615
ck_38730aace405f2ae,0.9797771315043233
ck_9790138467a06223,0.002625927463688724
ck_10de0b0d86b17839,0.012410866776778808
ck_c3e37a4d3382c32e,0.004425818133989958
ck_dd8edfefa1eba531,0.0021408642760591297
ck_8153cdadd300d234,0.0021437963380154406
ck_74d0e7c2c6b63d36,0.7985009816207653
ck_c478aae3031bb328,0.0037724123827647346
ck_cf301f2194975866,0.016023334914641772
ck_f4de03f44e3a5bd5,0.00639941853259945
ck_b06ce826e593b210,0.022985137436856696
ck_2fc70b6baf6a0e26,0.0036446988183681792
ck_d208494cf5c90047,0.02425266907631778
ck_086d29ccae565e5d,0.004432644384791202
ck_d5ef6dc116dee408,0.007552376564534727
ck_fdf0c5b722d83464,0.004285877259663708
ck_de8494b13adeffb5,0.0035646421520449134
ck_556786868599143b,0.018218923218638324
ck_4940e78cbdcfecf3,0.01295567944209384
ck_d32fbbfe32c00416,0.014911349090456518
ck_bc7710f7e9fae649,0.007668796819929755
ck_416f7ac57da081a3,0.00542085573762527
ck_6fb39b60c67d5475,0.002694158541581581
ck_e40a156511345d6a,0.002343228063722739
ck_49ab879b5aa7fccd,0.07092249350102602
ck_bb643194d1cbc47c,0.9777122101987233
ck_b3ce8f1bcedfa043,0.013316414758978374
ck_558ebde8c29132a4,0.008455950452346676
ck_e6222925762273b8,0.0927700132925637
ck_bd80546b4807dd59,0.005748013272970036
ck_bd21164bd2bbb635,0.007597377326639403
ck_ea835557d7043667,0.006142562956711934
ck_1411a80a157ff39c,0.016941440290429412
ck_ab973888c20c9120,0.18255991175929298
ck_95b48972061abe82,0.008740083504218968
ck_fc4a43f8876bf10f,0.7711363967687946
ck_f34fb7ccf82f41e5,0.00888252706997591
ck_5af9934a56801ac0,0.013575359244222873
ck_fc7445ec76389a58,0.6236102948476031
ck_1eeacc26f02fbba4,0.03516169519619784
ck_4f325dd15c9bd45c,0.032644055070066666
ck_5009a6c8bbaf15ba,0.05117547122660941
ck_0f3de7f074bb33af,0.0038730057166141683
ck_2cbc2f93a32eede8,0.015021640373277283
ck_4bb90a61c21a303b,0.014860274266929896
ck_3ade9eac7d7b0dbf,0.1513656005218618
ck_4859a58629622915,0.010344958526671576
ck_5fed957287ebca03,0.0022552123637889056
ck_ec01ae5351500355,0.003127782042329248
ck_703b41624ae6a5b6,0.005220237587675624
ck_97c38e7f61c27e47,0.027396016368085984
ck_db2c0908150cb2cc,0.019041897326074163
ck_64ac5e6fed86ab60,0.9494478651917246
ck_da1c853b0a061e83,0.0318906448394458
ck_9a36916b60178ded,0.8243460207168438
ck_3715bfa7fed2c675,0.004257512515230396
ck_dd3feb77d7d4f6d3,0.015752433895967144
ck_982ebb24174a4ade,0.06359054677126463
ck_f6b7a10d47dd9a1f,0.006643948841804354
ck_1f56fe99f250cdf4,0.03448318823926715
ck_deb3ac0606d6f6db,0.03533914086587022
ck_e666629e5a41b39b,0.006420057739505063
ck_756d2c13d02b3e09,0.0126512990702813
ck_7bc752ae7cf5d55f,0.016886489262354972
ck_fc0cc4b25e6a8194,0.00540542457708492
ck_9b2b0e286de78a1b,0.018003462176024804
ck_24b0803447211bf3,0.04106270691208551
ck_82eed68d05a42128,0.02059606134897707
ck_c8a03c516ed5b05c,0.026713477551361758
ck_e914974cee1bccb1,0.008323746079725497
ck_0c533ff2d0f9962a,0.02300051354576549
ck_c12805fa5d970a83,0.06553343885103333
ck_fc2cb29918631f10,0.05897318857376253
ck_c20e89afe575549b,0.002502535495573473
ck_e1ff9e31becc27ae,0.05351630610000559
ck_18116d0ac08f1996,0.8380920124713078
ck_885a83975cea5e64,0.005089266837589836
ck_a0c3059a959ba5d1,0.03202944909253215
ck_75257ca7d7da2861,0.024822107483541685
ck_2210f7a0d13bdbef,0.0332510198268312
ck_9cbd9ecf8374f65f,0.006367721572361059
ck_18f67c00ba21fbde,0.009571023020844008
ck_2d28f14d3973d8fb,0.0023488597772386927
ck_8b3401b44aaae728,0.0034169504861001113
ck_9d8e9ef37797d3af,0.11239752247940946
ck_9f50920c894f64e1,0.006464509527405529
ck_4737e0d56c6fa0a1,0.07027948152394033
ck_52c311f29ca3aca9,0.0023858986053804836
ck_6a4981bc721df37a,0.05134075716813431
ck_823539d936c55fc6,0.004279120034814935
ck_df5aedb4118020bf,0.866878412123412
ck_a911a066ff0f7b56,0.01608577233440869
ck_684609767df4a14b,0.02972919071116071
ck_f2350bf355dc919e,0.009992756209414567
ck_8452b6cf97c65a5e,0.008476330146417169
ck_084cd84501012218,0.5812948255100614
ck_ace6b72e5bf3e93b,0.04945942496603881
ck_2afdd69094c955c5,0.01384527590201454
ck_fa7d5be26bf7b31c,0.1754736873835884
ck_4b041217690fca2f,0.02020677852642849
ck_9fb8e3d38cdf276d,0.9249038637588483
ck_c1ee56d65a42f59f,0.004650936299887516
ck_fdeaa1cd085691f0,0.05849251668528965
ck_5de33a7a87e9aa62,0.020911220534184344
ck_7476e7fe1ff45545,0.024310916107521768
ck_b0a947b498e47018,0.013929542581739219
ck_e3894ed88a7977e4,0.005785229035796133
ck_c7e07ebfb0bc15f6,0.02875909596708765
ck_3a3daa8b376f2a18,0.003018538115789293
ck_87809324c2675b0a,0.01907425284168754
ck_7eb4f33260f1dcd4,0.006426833233141626
ck_ab9f0e08af030060,0.02397047844661541
ck_5b8fc4a76f340797,0.027247691312943894
ck_0e7bf10ef49aa818,0.027406641038430535
ck_a44462a3853ac67e,0.9689805102109549
ck_2d14bcd2e0fc043d,0.037565079652098134
ck_df1f2dba802296be,0.918359309527653
ck_466a7316eaf149b1,0.10538934597770003
ck_50df50af592b0c06,0.00752525598942107
ck_5f9e34c849704b95,0.002723018992496104
ck_7836bf6def26aa87,0.02274557191772022
ck_ba175b1bd8efaabf,0.014708879989768988
ck_1a0aac7f7b94b1be,0.11992860571139193
ck_6768c4b2aa8ce586,0.013136461354727087
ck_eefcf0ed15897898,0.013400045368970876
ck_7a6cb27e390b6ceb,0.00978170899960402
ck_5275be4e1577c1c7,0.0048318232082628755
ck_6bc0e5b8c0b7d2bd,0.026018698676267094
ck_4874bdec79f9106c,0.03577207264840586
ck_a678731156ad7bd2,0.19957135726430247
ck_db906debc36a5d1e,0.022884590570416207
ck_e87897767c612942,0.03976000403740203
ck_45ed5ee496ef8a67,0.005992713261756086
ck_ae20e28f9854f3ee,0.034520485768724615
ck_9ee044b73943a90b,0.013147638632693043
ck_dab34cf6f0626c9b,0.019589882818034168
ck_64a02b7b96149810,0.0019472324262619378
ck_c417d06f3e94685d,0.005409429181576171
ck_3e0149cdee4cb294,0.01560502533561721
ck_0e6046fc30f81705,0.016963432562230242
ck_c383aeabd53e9c89,0.019163685626295338
ck_2ef76f1f36e8b869,0.1546683408328128
ck_43948784650bb9ac,0.017139244598494356
ck_bdb966f43ac350ee,0.027317937292482764
ck_5bea0e0ee0b094cd,0.005429368037464946
ck_dff090f03ca5529e,0.0031106646823877925
ck_a4691b57f837d88e,0.00839079629440387
ck_99ee90946395d74d,0.9230301887998238
ck_cc81dbc83a8879fd,0.007177650527381998
ck_f3dc0725621b3a35,0.0044161706927771825
ck_1bb212d1288b9689,0.026549567397270674
ck_9e7278fc7679f002,0.023544015230909758
ck_3ded7a8720d7e311,0.00808259519511137
ck_798157bcdb9453e1,0.003420870666669907
ck_9fba80f56f357fe1,0.0057826149325624085
ck_f1e1c8491f16f912,0.00487137658346048
ck_7b1319a5ca2f63c6,0.9465947712614922
ck_124432fd5c92af7e,0.8419056384066836
ck_148cb0c723284dc0,0.008132327687653393
ck_b56c62c950eda009,0.0028365267153259892
ck_a0498755cd8d7188,0.0024493696010317915
ck_5379452a9d74efae,0.003944934559174219
ck_6c2453229d608183,0.03653826603576239
ck_f9d8b4813a88c1e6,0.010281451120862962
ck_c2c7d1e45a521857,0.025362777250746864
ck_4364a83a11743888,0.005862293459286174
ck_2cdf5fd97ba75e06,0.6836697613464942
ck_71bc01291e0533a0,0.007228943827224744
ck_a725d7aed2a0bdc2,0.003753947402876841
ck_a9b0c4dbd7db6a91,0.027848293989794205
ck_a4258806a533efa9,0.017574052007340052
ck_905e460591d9a278,0.034537330325364206
ck_20de8abfd8960ee3,0.015546280234556568
ck_252b0a0f1119b220,0.003543402133500065
ck_95e4bef65c36af1a,0.003445662988346394
ck_5ab68b434ad53fea,0.0075741192487842335
ck_13677a1957078827,0.004544047407637114
ck_d251e9fa09e542dd,0.9753124892702292
ck_700cb620f300dd47,0.007266951235769289
ck_39a68c55a1bd3ace,0.07812679443565121
ck_61a59a7944d6c53e,0.9235257276627081
ck_db6d1c6d31da967a,0.004829176549735196
ck_650020c500b1b50d,0.06052903307416604
ck_d812eb6930192793,0.002260649220456991
ck_92f6ebc11ebca89b,0.021587001633710256
ck_d87e26eb5bc84b01,0.007670330433528545
ck_66439e697695224c,0.0040541760861407695
ck_f21efd504faa654c,0.004268482817713292
ck_15eed0f5652f0352,0.0116903842568707
ck_bcdbf57d98dc0d27,0.051411663557652046
ck_873ceb8004d3a9f7,0.06172916485777478
ck_70bef9ddd4bab005,0.00277962359434578
ck_7560f1891d66f294,0.0025111617265764145
ck_f439f16f8693883f,0.014198293615118934
ck_14f9535e53f9c7a6,0.01851767863807145
ck_5984be472d2bc267,0.05758850591061011
ck_ed01be7504dc4187,0.015390124833571234
ck_dc3d8b5c17b67ae9,0.006279976770981887
ck_9dc23031b6b494af,0.034452586938461066
ck_fbdac0221bc03f66,0.019821621179150668
ck_863708a99b92ef0d,0.015109003693535489
ck_22b52654776a1ea8,0.946933352508019
ck_a0714f98001efa0c,0.03115879436222114
ck_9c56114f84e9a541,0.010010006745726451
ck_e155cf506b2fb699,0.00671635990279981
ck_65ed7e72f24731e7,0.002868477244524475
ck_822d6e8e43befc72,0.917660824817409
ck_b1182471d9ac6b26,0.0031105085036007203
ck_821446adc95e6da5,0.012134964838294614
ck_ff182f033134dbb8,0.021073422042987948
ck_9c5feef7647b0588,0.004798901083009469
ck_df935d8bdd44883e,0.005110313628093482
ck_01eb24c18ad11fca,0.03930532508502183
ck_00d6730134a1eb51,0.005862868610020866
ck_79ba8e85678d0224,0.015608338356698937
ck_97e3b04a1350f6e4,0.05410567876086421
ck_74e9747954a46eaa,0.008678515773435156
ck_397d5fcc9972f909,0.01618820968242891
ck_9ede89e8a43c3f53,0.03785693378332279
ck_303b33910d67f306,0.0021748249528789976
ck_3c17841636f6f7dc,0.005009872703847722
ck_78730527f8ba1438,0.032563132373927536
ck_5ee32bc6bb5d1d4c,0.12167312061525862
ck_a13fee8cd925d0dc,0.01753062214916144
ck_6f847263379f2e43,0.030171190484275988
ck_9b9d9e579e7b55b2,0.08468281429185465
ck_87c1d0a79e79c84b,0.018293713275377554
ck_bfc453eabb472f91,0.009302086425389081
ck_978c21bb5fe3171e,0.043873869403404674
ck_dd882323474431d4,0.024700818873568148
ck_533c4f7400d5ab22,0.1997371105353068
ck_5f217bfe28954e75,0.957013177504966
ck_ae96d35465b3b4bd,0.010210662762729283
ck_512ebe97c0af94dd,0.06282874830789126
ck_f558fe02bb0219b8,0.007199400473221318
ck_84092e23d5ef4d51,0.018010847190865337
ck_17d3022ca12eacd7,0.008869717905794678
ck_8a8f81bf3558fd9c,0.005749625149494732
ck_0ada6fed1864e7c4,0.013374931137853551
ck_21fe7bc59dcd78fb,0.004899297406385571
ck_e136e20c1c74fe38,0.007968119732416038
ck_e7a530e09d113dd7,0.25937408068928264
ck_7cb0c9ded4d63027,0.06430721518760894
ck_102db9615e722c9e,0.03300187483958371
ck_129e39ddfde92eeb,0.0024267191891448815
ck_d730ff21bfd7769d,0.006344892627964083
ck_54459b45d2be8459,0.009359616480614587
ck_7f1c20319eb60aa6,0.9801691776411066
ck_939fede90473e412,0.004621440055999205
ck_e0f9506a6d5f4a1a,0.02436429845990064
ck_9a4967cdf49265cd,0.4244228193999864
ck_b9eaf03453ac7d5f,0.003737302848554433
ck_522477be6376b450,0.005815121017563032
ck_9b6282e3bad50710,0.015753777796874986
ck_a0e3a2facd508e49,0.012848553943986
ck_97ffae702f7c3d08,0.002175290182185953
ck_344a95cb7115ec67,0.007231501608559889
ck_1f2760764afa45e8,0.005300724995958348
ck_720cd658d11ea428,0.017003917622100094
ck_04e32ee9834c088d,0.8310963860349375
ck_2bb1389e5e72c8f4,0.03506640640983244
ck_961e7dbc217cfbbc,0.003593812934945033
ck_f3bce4eccfa6d6bb,0.005945831928917395
ck_e0ccfa0d689339be,0.009508795044166587
ck_98217aeafa0bfefd,0.016160126085261274
ck_a02aeec1914c158a,0.015483046288212792
ck_20a17e8f206a14c8,0.02422352017546661
ck_114c32aad4b6183f,0.09303596339445365
ck_79f5198f0decef20,0.003365942685673788
ck_2209de229b4c71c5,0.00892969578731645
ck_6ee939b7f396975f,0.009166032476655015
ck_202f0c14b07ace01,0.04505701184809552
ck_fa24db9d416ab904,0.006845813556539591
ck_cf6aa24b92c4d33c,0.8413253071257971
ck_45f57fb8194cefc8,0.010394784280996258
ck_d5eb179dc45394c6,0.018881396497897173
ck_efb24be983342f75,0.00926084491310478
ck_245f5d62ead5ef28,0.01541741785468854
ck_15fe2a47fa7e92ea,0.003235821745453819
ck_b6527a85fd682554,0.0221513922113926
ck_11f9390a11ce9ff5,0.020021418733774797
ck_ffb4d892c5158201,0.003509934668399126
ck_d4c1da5a1427fd6a,0.09123979813628288
ck_2c041b1efb1c5063,0.006310586810008394
ck_ecc18f40b33be769,0.04758558694260346
ck_0525349f3945375b,0.05934791482368588
ck_0bfe62e0c7eab9c9,0.020453684959537952
ck_b7c37d410b1646c2,0.009476611320698559
ck_4b15b0746318cf42,0.1024790534961755
ck_e5ee006ecd8ff661,0.04140618475018362
ck_ccc83cf66365357b,0.02926962999186259
ck_34a33ffe8339f66d,0.8953025064540224
ck_4e39e3b165edab58,0.8652809954287237
ck_1a71f8081ae00190,0.8684480187340536
ck_ed8f1200fc049c40,0.9362552878588433
ck_8a5a57858e8c77f3,0.048798683825499276
ck_fff9fdc2adf5100b,0.9165983892021453
ck_c76f1bf40f3b787b,0.0017734334096595188
ck_1a6ddfeef82b1b1a,0.014694768456017585
ck_478d2667aa9896d9,0.014428906936207334
ck_641c8e7694b21f3b,0.007395055821187563
ck_293581d879f6663b,0.7260669696789253
ck_1bfa8abdb22be8f0,0.015110526611451772
ck_05ab5b03d0bf9ce4,0.1188129450837151
ck_35694db37f0cde7a,0.002373289198604512
ck_fe33eb743d714c03,0.008729082367097742
ck_abd10fbcbaf2b038,0.005463505090372182
ck_46d51648c1bf80e5,0.4071356321858217
ck_5c8390017fabfaef,0.1415840209410247
ck_87d55ca333f22072,0.0026661417861579086
ck_c39c6a1453e2b92c,0.002814515429144475
ck_69ff1b0aa143a168,0.002280561138408011
ck_e57c79eaab35ded7,0.0031908959846895096
ck_463ae759e2b6ad1d,0.01846671361719749
ck_0dae4a7eb587f3ba,0.01531866909316574
ck_9b12fb56529ebc4e,0.006562289538800653
ck_1af547077ba2dd03,0.19302619766428958
ck_de13de941bebc7cf,0.0017325098397173281
ck_83dde7da2bf647ac,0.0017984041628056266
ck_c80a94d4660041fe,0.0769887418296896
ck_f39cfeb277ef6528,0.0020472689087289763
ck_1cec1ed1512a2d3d,0.002069499511885104
ck_7955a359b6448799,0.002219277293845949
ck_8c0955dad13c3ca1,0.004370991791461775
ck_6d4cd2de601a2308,0.00815306234844344
ck_f4536ba8dd2d551d,0.013700544618410044
ck_b379c198d6db2d62,0.007887199182395206
ck_76ea90ebc74bcdc7,0.02041545023501195
ck_734f06bd4aa92781,0.012641250310567226
ck_677e1d0c14cbf569,0.00295863766733184
ck_259271c70f3fbcbe,0.024938866464119084
ck_c0b744eb9e7d4eb7,0.017354369672338353
ck_3d41faeb96802f68,0.012702608465730009
ck_8f604fa70fc3c8e3,0.011568447373636676
ck_0b3c3bea0e0ed339,0.014246776907415335
ck_be5df076b8a86409,0.003044509422674015
ck_6a475fe324d7d790,0.028997953623553584
ck_3ba3fa5387bacee8,0.0017707302257877543
ck_324b9939d9c1c31e,0.012734812960268784
ck_a7fcf7b592f68ca1,0.023059343330758698
ck_5b2728f7cca414ae,0.0016963647005806021
ck_5f4a25ffd0b85a47,0.02135478128864348
ck_63d4f5076fe4406e,0.012082472865419937
ck_af528d66c86f0cb8,0.5965371172294354
ck_ac7cdb9b8da7b5dd,0.032227596173695805
ck_3bece63711407e25,0.014348221164084093
ck_d4e0b2a12fcfc35e,0.003978850910736962
ck_ee3e7c9d3a9c74b4,0.024771417385585262
ck_50d7c4dab837bf66,0.008366139641365856
ck_ebcb93a2990fc914,0.14094897972344658
ck_2329cc9702cdf7a0,0.02261578534525837
ck_db1fa53d588bf99e,0.005753335697468065
ck_44e57a0bad5a0745,0.013442613246263705
ck_472c81a144f4631b,0.004136655277018475
ck_1658429acd5306ba,0.009657298111440787
ck_466103ec5bd9444b,0.030234650115767932
ck_9757163e25262b74,0.011883263379023094
ck_34ed59bc2c9b0186,0.00778128509957311
ck_b7bd3a7f263f4f29,0.057240570070747634
ck_149662b09d632e41,0.012425331264680109
ck_a9ffd6b3957bd41e,0.0029756059007028475
ck_ab80466ef615e85c,0.004267055343998692
ck_f2c824d3473db24c,0.022285091059553723
ck_a4a01fd45936b078,0.03032487595104526
ck_8f6ce158c2902877,0.0025739325927154008
ck_5189a302cfa7cefd,0.0019370808547840954
ck_430a3d03be588201,0.006403938443640142
ck_b5f9dd00914b4db4,0.011597444283160374
ck_52dec82e9cf6135a,0.006398342954622914
ck_95e444a01e2ab4a5,0.014654524470744315
ck_e37cee7b123692af,0.0173125242030312
ck_d68d42858a55adff,0.029775968965017902
ck_3abfc010091d679d,0.010224487171817932
ck_cee4e4e1b62bf82f,0.034847729259048034
ck_9ccb17c35e636c5e,0.00441742971926678
ck_f72a5a3b0d6c1177,0.002230281886783065
ck_7508aa554fae6afb,0.0830994428705735
ck_003aa842b7ca1d77,0.329741782449529
ck_83b2b192f41ee2bc,0.1318196465213278
ck_64796b6b2c3c7f06,0.06393699902199299
ck_6438ae81d43cb196,0.005089645398474606
ck_2bd73d9098504760,0.024987088307532976
ck_aa8b9b36a099e4c8,0.10191147965275524
ck_e5ece47d0dd10526,0.020062066430564508
ck_16077ac345472e6a,0.005114170562370118
ck_a4d6e152b0076964,0.0058395187561598675
ck_d90b1d03ae151f62,0.017639540921963202
ck_18b36d342b530af4,0.011412740240615431
ck_2a01e610348b84f8,0.0421524282963076
ck_0a93ed76bf36c8b6,0.030313842996685308
ck_3d56b477fe2370b6,0.023838293550294837
ck_17ab3068fa303682,0.0034901376983281947
ck_592a3520d841d11b,0.022091233547065284
ck_84d07028b5fca2f6,0.009384899474586709
ck_f4a2bb10afa85743,0.0036970017783477934
ck_4fe4b072f03f2c1e,0.004594866912953467
ck_9ad08fcc183ea1e7,0.0026007179435719716
ck_130d3848b9dcdb05,0.007896638660172962
ck_bb399ed6bf28c230,0.012652415945185212
ck_a31a64a39a2c4941,0.007990346580554595
ck_c49f25dfb39909cf,0.07144579416343405
ck_55f50a9ae2db8ff7,0.0034180549415126758
ck_09faa4e771cf876b,0.005747763308912264
ck_df520a7a6e405889,0.06169075086096278
ck_8c8c98cc694ac900,0.14053490000665644
ck_7f0c4f609673ef62,0.009700232977839559
ck_f51fe59cd445d2cb,0.004781016690953122
ck_b3fb83f0d772a831,0.008819677488375532
ck_d6e7e257751c299b,0.002636959898784852
ck_0d362ddb4a1cb6d4,0.007073772635478454
ck_a574a08edaf81781,0.005686038943760724
ck_a823f5bcb0e4b9df,0.002140054377933289
ck_f792586ad0381eac,0.02187198499806347
ck_54bfd70022c66983,0.03166557738797863
ck_fe0a9372c9372de9,0.004162958538488382
ck_5691cd6fdb6d8147,0.02505202630110056
ck_a95f212a02433d23,0.012658170327444993
ck_f5adad75e1c06731,0.016408765535244528
ck_e09c97520eb0533c,0.01043826073010023
ck_a1e13c0d58560340,0.002712680619517093
ck_cacc2ca410cbe80b,0.0175341006809992
ck_c0dde2a6ef1e08c5,0.002674742180154068
ck_a04403073c90ce38,0.0025430759169911797
ck_03d3026107175dae,0.019350606810119447
ck_50176dae5b1b716d,0.005445187625466
ck_6c084bfcb38e96c3,0.026242170007524955
ck_36d2be9012f7909e,0.030674555375450517
ck_958acf84c6137a22,0.04461682326117426
ck_114722e12db90a73,0.007971948237767566
ck_203c2a22c0c165ac,0.0056569557017136125
ck_2c44ca550e5cfa82,0.027252666660487274
ck_df0a8f20ab8f14f4,0.024232205517993335
ck_826a27ff7555192e,0.00707553353252606
ck_09a988ebcf062297,0.0276379041449278
ck_5c82444b3b9160ae,0.0062008605843957105
ck_f6a4a7ed27fe76fc,0.030957731198304646
ck_17de46314b5c6a92,0.011529126331194855
ck_335e63101b1e6c4c,0.157260855492312
ck_c5eefc0697451de9,0.010728410673902327
ck_49a0efb5d4067b6f,0.14365173552205673
ck_c1f4509c8f5dac5c,0.005070849870480629
ck_57658eda1c59bc52,0.007434615533992732
ck_0d5c0736ec76385a,0.0030411233011288833
ck_e0239e6ae30795a7,0.03953093895181052
ck_e4459115cd8e5e4f,0.029856402683488083
ck_bb4aec09d4968dda,0.07066973576427156
ck_a1b4c96faed3e0db,0.033517851683403765
ck_8247b79ac67aae7d,0.005421694172118857
ck_fe2fc7d6e5d83f09,0.014400295952034226
ck_f6aea576cde8d592,0.0028498398263712013
ck_b7e7f7d0cd886412,0.04634071963722762
ck_ca7b993e8286af7f,0.2681892951360707
ck_47de038381a9cd65,0.02570544316299491
ck_d38f941d09eec820,0.09990071779978718
ck_d9ba2a6c0d926b4d,0.0029845821901100626
ck_cda72f597330d0f3,0.00462322728838614
ck_16d2d27fadeeacf7,0.007639094393865209
ck_be05447853d423a9,0.003980507927952717
ck_cd92852d7376a4a8,0.0022404073728398742
ck_2faf7ecccc9fec58,0.0017980674848450187
ck_db8733fd92f20cd7,0.005242359519867058
ck_a9989a3a94c26634,0.030007917506242765
ck_957fb25437c75e41,0.022865515751812043
ck_e6a6caf6e7de17c2,0.009644240323661887
ck_f7bc569b37e8bdda,0.009499449091959034
ck_703b375dd86a6124,0.024355293673713106
ck_d3cfb3603f2c6ca3,0.02675924556338776
ck_07cb2b6f2a4303e1,0.022785694012264497
ck_31631e2028d4f855,0.010836281720504307
ck_1631bab0ba1256db,0.02711776462422527
ck_5fdafeaec036f016,0.025858319358279487
ck_6eda4c36aecad602,0.0038694568196394655
ck_bd1bf9e3e29de281,0.02936288684860706
ck_bf378ea558a4125f,0.8865205551193741
ck_7aa2deeda0e57412,0.9814167053644665
ck_d229cf7f5a3f38ca,0.00761862696586015
ck_9e109edd124492a5,0.0034425023285262007
ck_779491819995625d,0.4302224951277682
ck_b89c6fa2ad0a12f5,0.01757635325074544
ck_1d01b4a609918c4e,0.8107605343484756
ck_714c5d7cb17bc9f2,0.0075283760509475914
ck_269f1746f2609ed4,0.15209616818264338
ck_4be03a2aa62b93c7,0.004585534475532543
ck_cf920313f6dd28fa,0.010836361045721743
ck_fb00aae4e17740c5,0.009073191768581075
ck_085d8c42739e2b10,0.9760039083926741
ck_c72a7d0d03cf3e17,0.2377750295082338
ck_8f6ca5d3b17eac6e,0.0029207490656784794
ck_d9573100bbff4014,0.18254095872097112
ck_79d6793d1d0cf43c,0.003632800027312652
ck_91fa5032f7aff0f1,0.024122178082110042
ck_87110d84872c0fed,0.027089698868110284
ck_8220da627e9992a5,0.004599122234928185
ck_2ae44938847f3852,0.028128274904657295
ck_b0f191e44f9b6f35,0.06916749178454037
ck_3049d744b527f4d0,0.006207249958823465
ck_47d3e8d1dd3fbcef,0.026841190241675045
ck_ddf787359d2b5deb,0.001901844068092178
ck_b27a9e39726b26d9,0.00936297234346559
ck_80c4e9274cf976b6,0.9728964015195369
ck_c6afa913168ce8fa,0.0027437317309131773
ck_52427b3f8478db19,0.024102261232532358
ck_3b810f15ca0eaa55,0.004925606106002556
ck_0c9e420f97baaa06,0.8265052219088507
ck_f8540cf3a8b2f8c9,0.03447722215780077
ck_1402d24dd623df72,0.013736151692685297
ck_eb4f4267e24d042c,0.015813052391339594
ck_6f661b428d6fb8e4,0.024991256751869428
ck_519a26ecf3d29c90,0.0038758356006361864
ck_e886ba71d4a6fd73,0.01350793467846791
ck_437f9ecd2016a1a8,0.004804774745406108
ck_f01af1b0c977cc06,0.0045167773517620835
ck_614f777c2eb5d537,0.0031761481751909557
ck_b804e784cde9af8b,0.02714184500781445
ck_c2dccbc1b24b137b,0.39618333601653266
ck_1df4a1781a0f6999,0.014725049065468865
ck_bd2cdd53fca26171,0.0072579876994787575
ck_424c254249a109f0,0.011441225251982753
ck_cf2ca4f286e289ba,0.033016305628095474
ck_6c33cb15b0d8af54,0.00898454405647532
ck_311d395fa9b8550a,0.019433444433194166
ck_9f792e7e721ff7f1,0.0021949278614359926
ck_4c37586080edb7fd,0.003970189703969457
ck_7c4f42c5397113b0,0.004559871042358373
ck_fc418f53ce4aa579,0.9395225591886754
ck_1ba28fb7ef726ce2,0.010595998291941237
ck_d932f98bf6b83956,0.6426434678136795
ck_248b3659a9239240,0.009144330676567673
ck_6a92cf5f4cf5de38,0.011717913241003233
ck_65519d0fb137e0c5,0.01431138645381177
ck_ddc3fc99eaba2064,0.07031382294413306
ck_7310cda3bc65a73f,0.007846834950031018
ck_c01c85bd631d4054,0.005429494765512186
ck_b4954d16b9749829,0.014366631059659355
ck_f301f6758e170d66,0.03688805205820629
ck_9bf95f8c47e7c7b4,0.00784896864960097
ck_c91b7fccf6aeb4a5,0.0744900734521732
ck_785fa45e86bc5e95,0.006545494394035617
ck_2a65f1cc23f1180e,0.002945925930384105
ck_a49a2c1f881a3560,0.005067859955312604
ck_def344d68f06d749,0.021859424134220668
ck_abbd1465fc730d78,0.007821214983981674
ck_07a5610ed28162fb,0.008087918035607716
ck_7ecdee2d7127be8b,0.0051555742541958705
ck_67858bc00e81490d,0.0019045694032429074
ck_b4ad165ace910222,0.0048989150927721496
ck_30753ffe481a1b8c,0.4991273209810177
ck_c401a26725b17177,0.0021399648612653566
ck_819988d8a7f26415,0.004212090216795878
ck_3364a1d9261b3638,0.004082868529874937
ck_c484c5bda389bf20,0.0022120955461294297
ck_ae416325fef92c9d,0.9266108315278883
ck_5517b9a865960542,0.004381893803553743
ck_a0e96fed380440b2,0.017196721908373493
ck_e83409471d2b0b44,0.031060606635818954
ck_127273af97d7827d,0.011237298240060131
ck_aaa9861c91bd14dd,0.0099806560260256
ck_a378c58294001a36,0.9270203833958149
ck_abb9d65ff1f95b64,0.019324089294370767
ck_a5ecbefa849ae569,0.014597332215541579
ck_aa9953c0ca2bed7b,0.0020984286788218727
ck_40bc6de252865f32,0.0054002275875200045
ck_9fb11688dcfe1513,0.004332096402644548
ck_ba68841ca2ba073d,0.026910274689693613
ck_1d3e561a7d20be0a,0.9574040502306389
ck_99a92d710a29c1d0,0.004451560785992759
ck_ede2e887697ffac0,0.002627529724927317
ck_e6de67c0d82a7b83,0.023753630658115497
ck_6b38763bf5ddbcef,0.013603117565884906
ck_8dd44eead7d765a5,0.015316120426414549
ck_30bf5b0056eea9e9,0.8150498012042089
ck_2981d16f8a51a8ed,0.0363532829550399
ck_fc60f42c68c7024f,0.0421372596849385
ck_8e2b2251ee224aa4,0.012652316570514693
ck_1906f0dfaf6e9bad,0.8426648918575032
ck_dcbe6814fc4ca0b4,0.01796052909221122
ck_f7e958a286ae3b57,0.0043484386727825185
ck_713649668a7ca824,0.009927559776241953
ck_6f73cdbf9305e2ea,0.026239093947867952
ck_dd1c490050cd9051,0.019701100490687
ck_e30db36e376606f7,0.609141521838085
ck_740d8fe8028b5a2e,0.0073273059080139645
ck_ebbc9418cd41f692,0.0033907313068880065
ck_7b3cc6cc3f250f39,0.10236270105356207
ck_1d30eef7110809e5,0.4278427918405628
ck_77e0589ab339ca66,0.004435288392910718
ck_15ccbf8ff7d14086,0.015547923833496818
ck_246989b0c288664f,0.018406383003620342
ck_fc2a6e27b10b10e9,0.002340823146104456
ck_8afc1112c12f5402,0.005976481653515243
ck_a76e8d83b9141364,0.022841315458603968
ck_51d3e8dd7465c015,0.006262302953565148
ck_e7b4016909405981,0.0031815348649690835
ck_e7a3cfb9bf908e80,0.024963777144917192
ck_2bb49dc2388cdc1e,0.0033242928350659
ck_94f4266ee7871345,0.00977045387058818
ck_b2c896beec146477,0.0186996362372934
ck_fcf5d4a4748cdd53,0.003603998659380375
ck_fd0483639811f62e,0.049493419389352755
ck_9a21d183524734aa,0.08075890763612378
ck_1df4b46c0a4c317d,0.07279108551143684
ck_638df9e8a22dfe0b,0.008298262276346143
ck_65acc43a6dc3e65d,0.011107423455016117
ck_7c67b73196e3d0d9,0.010876250155636149
ck_b0ee3a98175b462d,0.0032014190685458106
ck_20fad010969f1abf,0.004480212619167942
ck_54b087bd873af8b8,0.010093821630153687
ck_8007824431fa803b,0.003160496645391821
ck_23aab322810b9fec,0.012117112928676147
ck_c8001bdb9aafc8a6,0.015344769851971824
ck_3a34c3ac83cf84b3,0.005612207414052817
ck_60187ac2c473a662,0.9673331683658948
ck_6a0ccd7357979f0f,0.08222051287752244
ck_27f20337bef5ffe0,0.025860339326511154
ck_f9fc468915afe49c,0.01495531749356865
ck_1eabc15a94bd9009,0.01723624677882462
ck_26896c494b2768ef,0.004755683914320513
ck_348c874eaf0354f4,0.018130763343952267
ck_be9c46acd216b45d,0.021707022084394345
ck_a3cce46d15cc20a2,0.018010061896906605
ck_70804f60d9704128,0.06408863309734389
ck_a019151ca8e7527a,0.01201897916729008
ck_571133b2aa8ead51,0.029759439303447977
ck_0afa4449f20d5196,0.00447992784249057
ck_4d503c41cf4e5034,0.008749568513540727
ck_d6fb9cc5171e3e9b,0.8031340685393907
ck_05ed92a7c3e10e5d,0.026127723084300242
ck_bfb067986660afe3,0.2623211907589543
ck_c1a31690c8573226,0.002590764897390549
ck_cb88ef3dc1f42225,0.0023574034806580118
ck_21e3b3bd998745e5,0.03246295436165867
ck_cf52e46fa54e4540,0.002311604746770743
ck_b72c7ac4208052ab,0.014275001435821777
ck_e6465c56b337e6c2,0.013002295832381657
ck_5f87eb05d18186c0,0.011467436057994794
ck_263f6c5ff26b5e98,0.0038183176208772193
ck_e0b7e2c0bbe228d9,0.006661284179599142
ck_b657ae3c146cb7bd,0.0035164533043628666
ck_abac514d8167ea58,0.00787656053863364
ck_024dcab126876002,0.009017150643685079
ck_5d8481e2b38bd99d,0.03939265327141305
ck_edf229c17d25dac1,0.024621578328254214
ck_6cb7c97b72d6b5d3,0.016306536759252747
ck_c96ae2c28086a059,0.061479899127865126
ck_2f241b97c0f8389e,0.01103843865702455
ck_9158bdbb63ee8987,0.007382085122474874
ck_e7b40b60786c1530,0.01353499940584863
ck_66d38518f68e6194,0.003236761160774867
ck_8c9b57ad2a991416,0.0061264156010195515
ck_cc91bd7152d3e9ba,0.02887180281409568
ck_0d846660c7957a88,0.006104418815846084
ck_60896cdac2212bea,0.14214164746682043
ck_dc4db8b932df49de,0.13390741102613019
ck_2dc31db181150e20,0.009663293834812308
ck_2f138fce1171e277,0.02701015847564563
ck_68b8b859a6ef505b,0.021164511273148147
ck_c3fe0c6c5e1f40f6,0.00430069890957187
ck_15886fe84866de92,0.011959179011287676
ck_ea269b35406473e8,0.0026823618888100345
ck_3ce7cad1f69b71d6,0.014327118321631957
ck_054ed4288ee58d6e,0.021285190249413194
ck_3d4913a86f207fee,0.05157090712145992
ck_23ff85f9d2355e8d,0.01167711338917289
ck_d87ab3261322216a,0.0019693057234466023
ck_fac046ce336fe39d,0.0033992198316057814
ck_beb97e498e6cf8e8,0.010918062268662817
ck_1f517e0ebf397b51,0.006684892317549898
ck_0af57ebaa45877a1,0.014660919692215512
ck_f99bc1732ce5e999,0.023081542393864084
ck_abb056a9deab275a,0.01812594143415652
ck_0bfc394c5faa65cb,0.012273988548995687
ck_ddc865af1dd5670e,0.021657886234377206
ck_68b5542459638b56,0.04609075498595533
ck_0b1d84252c0b46c2,0.008598417446776164
ck_520ec32c4f253604,0.008799814994272098
ck_79ffcfee599d77c7,0.006438581630159798
ck_eb224c0fd146253f,0.05279004929439705
ck_0e477084434da450,0.021636896591819922
ck_07840bba5570785b,0.0172237567629575
ck_6b67fe8e310ab865,0.048366541180500114
ck_e2a1068c2fa22525,0.024877454429901868
ck_b9c6b32f6bd92a3c,0.007779893703929367
ck_c1e7d1021ae58f00,0.0020864516606975926
ck_5d7801201749ffde,0.011951590344515723
ck_c8806749e263f70b,0.003015848033623426
ck_c9eeab826781dc91,0.009594944558007218
ck_309a432c160a17b3,0.007394163916383802
ck_b22e3337b8e3dbb2,0.012925344710864723
ck_79c30169c71b8033,0.8951013788105102
ck_5a6593d954085775,0.012585278461114874
ck_70b9b79ea1aacba8,0.016091527152218316
ck_63743141ffa11f45,0.009302215053417669
ck_dfd3dbd0d97a642b,0.01161936007342712
ck_635646a661f05b4a,0.04122117579858352
ck_4b123d6931b6d0d7,0.6897012125572288
ck_f2b0e7a47f442557,0.9018429339386552
ck_1b1df006b81d38ba,0.004045211571495342
ck_360237c1bd30f4bd,0.004867658313332883
ck_5e84bca0e362da20,0.009732295052762841
ck_142dba210ed2f3b5,0.02411332592793578
ck_a3564236069e3524,0.12406787739995868
ck_cf36d8b070ded782,0.021049544102748303
ck_ddd6625c5eddad70,0.0026094315127412663
ck_ad54292a0b2f44ef,0.10809220180501829
ck_45cd5ef6b359e9b4,0.008398976036054549
ck_982c2392238b7be3,0.4537884029527469
ck_083e4ac78685c3bb,0.04126578037489256
ck_729cc0b46cc2e546,0.47823731809535486
ck_f2b8995fe5402759,0.005052893180034722
ck_73e24f5a8da289b3,0.032268987502569346
ck_bd85f30c36f5998d,0.03260891463673561
ck_ee4ff3aeadf912c1,0.004138631736009683
ck_63d2978706e193d2,0.022894669951187094
ck_6a0684436a1e66c3,0.5000064725886662
ck_182dc4a2f5a366da,0.0051127440341695515
ck_e6fecb82fc2a82de,0.007750975538482256
ck_cfb06f07394dfe64,0.0027646160254523717
ck_7bbe1dc8add17ef0,0.008465501920008289
ck_5cacad76e02c8e3d,0.9570010449216385
ck_ca68dec0c7df5a12,0.0052400794281842475
ck_e4c0fc52c82065d3,0.009017868894386208
ck_f9197b070416f443,0.00526130285455871
ck_2a07c7021b71cf65,0.022003824139347875
ck_4fa85cebf707de2c,0.002124943556843537
ck_0063d2a9507467e5,0.012687458861628437
ck_ec986285fff05b7d,0.004779055654734252
ck_279d43303708109b,0.01578994366245492
ck_a406bf11e48cf8c5,0.08003349010521044
ck_064b2aa3f0bfdb6e,0.0149501837389576
ck_95790440bc4bd2d0,0.006402145721806998
ck_70066eea13b4c34f,0.014019649391916616
ck_19468fe07e26f992,0.9675684924538958
ck_86bfe328e0a533b9,0.9066552046989657
ck_ace3b96c977a7560,0.3145085357986794
ck_642344e5c652d8df,0.012427526492073692
ck_074be35c951ae10a,0.015212269236314043
ck_f14dce41036486a3,0.9720934202829128
ck_5cf67a3a747e684d,0.06794808567049274
ck_f7285b92648c1c81,0.004488547474282281
ck_bef3193f124fca5c,0.06325085501897243
ck_05c4dcbb45de1f8d,0.0033478985100930127
ck_d7c28eaa05bb7144,0.00904927829746539
ck_320df984791a1b99,0.0034392312258846383
ck_f45bad1606fa00a7,0.01177398205313641
ck_6f81c199e986d9fc,0.01181270665626493
ck_d0c9633fed57c344,0.04113308230848893
ck_a3c25d6cc7478068,0.019503674876984782
ck_4185506d12cf9fa0,0.0024585786195135935
ck_7a02ee1bfba7353b,0.013243042501899805
ck_1b52590757c0fbeb,0.09040991459790365
ck_a0e5656e1cf9cbf5,0.004496470685311459
ck_ace21f6daef94f6e,0.005814774907113245
ck_646d8d0834782d6a,0.09847886210440109
ck_1f136a4476b5e775,0.015115276897663687
ck_325c7643cce02da3,0.02912518957717657
ck_9b5e7fe28208f5d1,0.008096869235378407
ck_05d81b1a150f31c5,0.00405760564825224
ck_0e9ec486bff403c5,0.022651085911058945
ck_ee13c091bc379188,0.011120343618653467
ck_f7a7f8f5903617c5,0.01078859640467867
ck_96c3a3517153390e,0.008156726890485706
ck_538dad7f096458ad,0.03796996647205514
ck_8758fc6622bbb7df,0.022187444103903702
ck_f7e53af3c91fec64,0.007963851045518533
ck_80b50fad7f255e1d,0.0026413470967437875
ck_9645e7adc08631b5,0.014660992023907938
ck_e007aedbf37d6ec7,0.009299266639708426
ck_2951d76c41de2569,0.04203480673862838
ck_9439bff87e616d4a,0.007280116741565847
ck_a73045e96af0e4fe,0.019177287878978044
ck_7b382e533e2e925a,0.014405522381752522
ck_730226c2d216cacc,0.011297622936898455
ck_bdf837d761a7cec2,0.3230018899070431
ck_0b34197335ba3341,0.01155144799238215
ck_49170c4b31a20f5c,0.0028233155078246385
ck_cd553ba6589d8bfd,0.025407449183765023
ck_56b992c6f136fa5e,0.023979473468247737
ck_8beae3d7328fa41a,0.024928851075452774
ck_1a065ea906ae3d6a,0.003958542043507969
ck_e9e3381d5e0e5051,0.0032511554041321005
ck_a6d4f998dadc90c2,0.699008056521822
ck_d36733da917115a6,0.028383760091217607
ck_e738e920bbd74a7d,0.019338529579991926
ck_af65eb885a51048d,0.002732508575168077
ck_73f4eb09af29b1c0,0.028760865005501107
ck_8fc641b1750a2542,0.10930369091934482
ck_41b954c7a948c060,0.005086256402045188
ck_25fc3010e8a0f6d7,0.0034205329622826407
ck_a2624e0387974e0e,0.016379599917419285
ck_5cb9d7b2329d5ab6,0.026353567103972343
ck_6c83aa1d100a7cd8,0.04714856262319724
ck_67025c64588abd1e,0.02294075512305622
ck_f5dde68f6f0468e1,0.002938702293517355
ck_46bfb2cfc29a6d2e,0.010115036650818797
ck_49dddb894d33f6db,0.016467375732666756
ck_f738b633b8862d18,0.004143371700702279
ck_3d6c3c00d854f5a4,0.2648928666393342
ck_cdb8061d8d1a6c5f,0.005105406223305325
ck_5e1b81848718bdc3,0.008060361287301036
ck_8def763034187436,0.014575041064311947
ck_8f8e4fb9c6190272,0.010633189352104657
ck_368b968b5f33431e,0.003468750782069587
ck_ba7e347251ea399b,0.01146715072346268
ck_9075432001a64e75,0.012410755756346602
ck_73c5371635aca173,0.8116064942826695
ck_81793387b38047cc,0.0036934643744333737
ck_0cf220816e320ac5,0.011608988469552732
ck_820219bb9c761b52,0.14348780024282853
ck_70a932ab39d86a24,0.0023470514819966407
ck_2c4be237a7ed79c7,0.003205016646032938
ck_acc764b49ef02826,0.739225096469931
ck_74c3c3452e4e7cce,0.0023665837294414016
ck_34dfb57e5bf31d2f,0.04413374286841712
ck_6ec39903f765956d,0.016847006685467247
ck_5986119e7d81e831,0.013102057485500574
ck_2ddfc948b8eac752,0.4341671323504087
ck_921ff5ceaf40a968,0.08972339240876769
ck_fb3b68b4424b5f92,0.035870512313531486
ck_c3db1b3ad4f16679,0.016274165040664937
ck_124a197be41687f5,0.014321969977110077
ck_c58d9151834f5bad,0.015098685228397043
ck_389607982eb6b701,0.901831638542896
ck_fb0c138c003e933a,0.004084108272182863
ck_50d0bb7edd8c69c0,0.027446692835673227
ck_c6cb651149dc9a8a,0.002893448993190788
ck_81e21354e477eceb,0.08625779364110939
ck_7696e38b3e4197b0,0.045062175620009824
ck_586001d3ed9e7fbc,0.0021554293567507808
ck_bba413492dc46f2a,0.017330655165960447
ck_95b894380ad2702a,0.041942413758727475
ck_277621473369614f,0.9816152612046997
ck_a50621b5eeca84b4,0.0029253007459405797
ck_bfa7ba218b988cde,0.018815288049247945
ck_5ea89567dfe78e4b,0.01127272133342245
ck_6c679602a6476ab2,0.009485430803632167
ck_d3885e286b3b11d2,0.02534112870501278
ck_cdcf6671b37c9c92,0.017233295786811646
ck_b5c93e6d34f8d366,0.0029595376939443294
ck_c24f61925dc158d5,0.09092024436135268
ck_cd09375e6c81d2c4,0.008162082213043076
ck_a95afc7a00303a26,0.008433382394347098
ck_8e89ca8b39f3f8ad,0.00317065095814913
ck_9a84b396aada3fa8,0.03969305972520204
ck_5124a2e415384945,0.04407589348107241
ck_d66bb1f063357f99,0.004027501451841848
ck_0fd9312411b0ac55,0.01308513632268488
ck_ad8cbe6e27e47ede,0.017392610421957846
ck_8398adeaf41f9cae,0.012020596654540985
ck_dcf851e7bb5855d0,0.011393909537887532
ck_9affb0f26776b642,0.005484703915307945
ck_f0424b3b36bdbef0,0.07771697103923249
ck_66746d1090d6d9e9,0.002764478476608015
ck_e5f8c8a5824db594,0.01528754044510156
ck_3e91dcc209431984,0.03312301954046961
ck_126a82e8d42e5ce6,0.003773768115172912
ck_38e4a74ab256e2eb,0.028822089739384736
ck_1225a97fc413a419,0.02151506662698941
ck_9b5ec0f78e160e65,0.003302346977299127
ck_7c5529bcc079600b,0.025394892906192214
ck_29640fc2fe81c251,0.2629041227696331
ck_160e9ba0a3f7c1fd,0.004063771040375306
ck_bff090cb4ab76b9f,0.005581035591071842
ck_aa06ed358e43db69,0.06363629520292959
ck_7264486eb512d84a,0.0076360630426538425
ck_f5a32e6160b28379,0.004280034034827317
ck_4ba8bec14c2217e1,0.010402679439278712
ck_610815786d729d2f,0.006823806870093087
ck_e267999226b6321b,0.0034186860218143864
ck_f3996a3c8eea1ea0,0.010437603722566377
ck_e9b75ed7567a3f23,0.019675579554270756
ck_d21612d48bb4f7b8,0.011639522445287185
ck_1f871df76c6a995b,0.0884247776114497
ck_953bd5de48ccd70f,0.7826593158145709
ck_02a9104419a6dbaf,0.0052615659168820245
ck_1eeeee651e05d535,0.05763671060149474
ck_e2ab04136a442a98,0.004938639835828304
ck_f0d806624ef3d359,0.006248021877865597
ck_4b68b38c1b3326a3,0.002856725858677176
ck_74e60495f8861156,0.019172024919362072
ck_398f3f4cf05c721b,0.004491468439714503
ck_f761b7650a0c1a85,0.012227709158061909
ck_7dadef33f5e2d94f,0.9712903259574903
ck_6ff6883633b8c7ba,0.005711554667598831
ck_4d2159603045109e,0.021074117900306517
ck_a38bd07a5fac5c9a,0.002813361924947729
ck_f517f06551e69507,0.005542961030882415
ck_a7ea00a1760ad561,0.9710884004036527
ck_31fc51d5a3dfe16a,0.00489840372197049
ck_bac5233623b25ca4,0.021759279311564215
ck_385188ab27784fe3,0.042014867256042684
ck_9947a323bab5cacd,0.09140634276036318
ck_7973edc9f22ee7b6,0.020272909227630694
ck_f97c477986043755,0.0038265733828988643
ck_1a3fd2cc4b4de196,0.06430836751635027
ck_e18ac29ea62cb435,0.03619341560455207
ck_9720a472a3e0140c,0.005319162966828867
ck_668c7fc7d7e47c0e,0.01846316863569134
ck_214af0806470ef48,0.008262970711753225
ck_a46c1773f01f0be7,0.017139723161013493
ck_f2bdcfb4203ffdee,0.013237748017193688
ck_40e84e6ffe788a4c,0.013502961666250372
ck_dfc6f5712d8d6678,0.3271963879523641
ck_01ef1036b2e66a4b,0.00522323609594743
ck_3acfec10eec32f9c,0.009574172326526954
ck_084a85145c15ed77,0.006248693867575898
ck_fcdb4fe2f095fba1,0.017611724346319232
ck_023908db0a193076,0.09755880195503892
ck_fec0ff92fd622253,0.029515970625079158
ck_c009c97d5fafbced,0.060905847829923344
ck_eb9f0c06ee017ee5,0.012656662004989985
ck_d7792b429620fc24,0.011653450019628083
ck_5e9e149a3b69c726,0.057785070703473516
ck_ce927322ef8f651c,0.01775965424141361
ck_b8fd61a8e82bce32,0.8836367769542687
ck_9aafc33fba1474cb,0.004369612493337022
ck_ce81ff9b8b35562f,0.006067601470955912
ck_25bfca1d8eaa152d,0.014994023294396575
ck_170c65860e2a7e23,0.004883657636980081
ck_952da7ca9f33decb,0.008096863612389177
ck_1ebd574406235957,0.020506203512625276
ck_589109a188adc2c1,0.0022812513188420315
ck_f0cbd5383bb07778,0.02934222950306767
ck_242521e261148fba,0.004317753310786792
ck_509cece86a558de4,0.0034309984259590968
ck_0dd7c5925d28755c,0.004136198042076543
ck_a7e669cf1c3985aa,0.038810848768542044
ck_acb84dc2351eeb76,0.002465409080610087
ck_b837c7dac2a9b931,0.010513689878270971
ck_18eb1f9181f95df4,0.004987739508517863
ck_b0b9047dddb1ec84,0.8053537258523369
ck_43aa136bdb0a2832,0.8534220511156718
ck_3e47f8c56c811700,0.008047862858545694
ck_77c587d24695ea15,0.02694103471695584
ck_20578ac693ea4e93,0.03344382751807068
ck_b9f6040eebd1605f,0.02466146060642086
ck_ca9d86f65cfdf018,0.014247598661037069
ck_a4fa8833995c716a,0.004098765516492557
ck_f589f1e29301b5fd,0.04559118137388586
ck_961ddb8ff55d868e,0.0021088251412227288
ck_5662492a54e6688b,0.01749571546781849
ck_ad48826c1c26eb78,0.9389513201694577
ck_621c9ddde6bf2eca,0.029283623973802998
ck_417a3500b2c717b3,0.023327165281894588
ck_c7e129058beb3ac1,0.012734824372730703
ck_ec1c902b9b9b9c5f,0.13659182977865553
ck_317360ec0a67d27e,0.08128981149174944
ck_3e3ea5d8c4a229dc,0.062216695086693974
ck_d11d27de7bf0b973,0.44038497650861136
ck_d37d56e931105db0,0.011415742584608243
ck_4863077723cd6ce1,0.0029157081960812796
ck_479a065d5903e9c3,0.004424071017126823
ck_e66ae4fd586fedea,0.0036224679544341978
ck_192bbfd0d5720134,0.006601058310699135
ck_3b436cb29af99f3d,0.0090895969504483
ck_7c7ca54969eed187,0.025327379834149417
ck_826ee896c9f1144d,0.9006891311328229
ck_ba1f6dd43fc8a0b1,0.02428103549363613
ck_49685deb63e4e8f8,0.006183240785320456
ck_687ab5d5554bfa79,0.010309314772991542
ck_41346ccd9242cc8f,0.004150802351242584
ck_8f8e5e2b9dfec3d1,0.32875297511187884
ck_94d5ce61a0c50465,0.016082707832063135
ck_6b954c75aad8c012,0.01335921158559628
ck_748af92828c9d288,0.008131334310989606
ck_dddd14091ce812c2,0.007683182047504396
ck_723323f6870fab59,0.007010619550718594
ck_dbdf8d0708cc6718,0.008007862304787668
ck_f04938570a154de3,0.004092299018984261
ck_58afa1550b3b5294,0.020358332134561723
ck_3b150afde386ecff,0.021130270874075603
ck_666b95e75d99ec4e,0.9361201878069088
ck_e00332597cf1eb24,0.03422557520051695
ck_9a9e3dac79280d7f,0.026751000837646727
ck_e8d37262e859d9a1,0.04532666133266477
ck_895bb39d24bc1c4c,0.0024235660477150223
ck_b367449195e36499,0.008334792634519078
ck_d23f9a50d1135ce1,0.08900782768325086
ck_670dc4910cf476c2,0.005393356138307005
ck_3ecd8a5ce65e21ca,0.014251309249442165
ck_8584fea2df4c6317,0.01780752009818293
ck_0789ff4562202b20,0.011267394892918347
ck_749e0e50c3907be8,0.003442263377170955
ck_c3ff6790cc6d7e34,0.003516816485546593
ck_75fb7e56432ee4b2,0.00925943169166425
ck_529fc3170fd11abd,0.024480032569340424
ck_34a69b3b4a681796,0.20960217949329962
ck_255f0e5888ae9e23,0.018301867858834725
ck_65be698386474170,0.0029423008428284174
ck_5eec9ed855c26000,0.007300408824232639
ck_5ab39bdc9610f6f3,0.6840162527728931
ck_1b5b75762f033462,0.008014615989703036
ck_d3e208671cf37f91,0.9493562701681617
ck_5068ee554ceff971,0.06372993414358229
ck_d7d50fb57fcb2d0e,0.002136532618650042
ck_ba6e1115fceaa067,0.03218758908897537
ck_d07bfb16a4a7dac0,0.9308950299030323
ck_ead68310311690c8,0.8968747270648934
ck_ee53ce862bc9c111,0.009658960384504183
ck_97e56e6037024dff,0.008478495077104933
ck_80b04344c98ec072,0.017196102598040542
ck_5954f45a2ab45f43,0.014427449415414958
ck_18ddf7e836256e3b,0.01762244233287099
ck_89a1a780144d808b,0.006672061478343735
ck_a7331e8b808c39aa,0.03292524225415426
ck_a1fd0ad03ff9b776,0.03591434412759255
ck_c0cf50eef030b401,0.0027917589370817994
ck_074f20921189e7d6,0.008193729089239855
ck_e2aa7be60794593d,0.023720938550003103
ck_72771757dfb7f7a8,0.017934339116875787
ck_a9cd84a6dddfe584,0.017360407750580696
ck_142c00f9f8557504,0.022416050143002863
ck_221b5d40358230f4,0.022299156261756298
ck_a2d7a563f520b7ea,0.015920293496203122
ck_66cd34bc568d95e0,0.022113921490596856
ck_a17128972d3e507d,0.0242506630656071
ck_bda299466bb2136e,0.015490741908165826
ck_2b699066665abe8a,0.022711454214636655
ck_0ac9848bd4ba0c14,0.002309787111741133
ck_98d2f9a6ba3a3077,0.9286917232422903
ck_a872df31b28a5f7f,0.046140906200351745
ck_7e73e1d44ce82ed9,0.006442494816528833
ck_1a415416f620d49d,0.007177171767144945
ck_c95c786d2f8b8edc,0.006632600203500827
ck_e45012f22b7f91d5,0.002731804948785207
ck_aa0b083e2a6813eb,0.020286360648009327
ck_4666232ddbf77756,0.004221714293267166
ck_e08e9c8ec5f23d8b,0.011047092438426278
ck_31d4c0518e5f52c6,0.0030906322802580176
ck_c1ab40638f04cb02,0.012074132269305376
ck_4c1fdd1669c7cf51,0.0031557397066697295
ck_11662cc7940ffc82,0.09114662521488029
ck_2e679af24adedac8,0.0035218247999370942
ck_454b9e21b7f25a4c,0.0035404964691849337
ck_355c4f29089731e8,0.8864963950646834
ck_507e40760a24d2d5,0.011012501591247389
ck_0943e0f305078e34,0.9626408760966555
ck_abc54ed7111e9ed1,0.0064196344703323725
ck_a60fe02fc04407a9,0.01969206534536396
ck_244b897bb4d57c1f,0.0051956648627308494
ck_8c84fcde93a04334,0.7654705750493844
ck_9eea37d2de633b27,0.004476595914495119
ck_b2cb9e6610eca967,0.047092041648697944
ck_09aadb4c41b166f1,0.04921429855434691
ck_8d94fbb4828ef326,0.003881739287801507
ck_089e3a07abbe3b8f,0.019956780868019167
ck_dfee9de05e3971cf,0.00404291444391696
ck_6abf8302ce052451,0.023716086490880688
ck_6ffa90143838a4a2,0.003049000686016891
ck_325caeab5c7a9c3a,0.006339120615764275
ck_1964ee9db929a173,0.9040980157713818
ck_942b95988a6245a6,0.08132934059913406
ck_913ecdeeb8e21a9c,0.009960775447431111
ck_ecf9794349eb4b3b,0.050560842384663005
ck_b6cb8d6ae828eed1,0.011737711470016487
ck_2f82ea66c4f53b33,0.06454719076992702
ck_6e676daa4855b58f,0.04344898693525957
ck_2a37fef48b44e9c8,0.023378920456997583
ck_3bd12d468fdc2450,0.024605808581464945
ck_1a28b6a40a6bd3b4,0.06540329820690653
ck_61b79dec96d15713,0.0023762636225113155
ck_31d5e3daced93d3c,0.008399119891910124
ck_e6c8611c0cf233d7,0.0030477167611182273
ck_f04761b4a937ac3b,0.014601782688577602
ck_38c1c75cf055031b,0.017756629884405566
ck_59a561f3df01441a,0.07433099732071316
ck_04e40f556a5062ef,0.02265809089431303
ck_8409716d174635b6,0.005416047125586495
ck_3019afee83342701,0.022434670227272076
ck_b51a58e7f032c9a8,0.01591888277047203
ck_5043e474f848346d,0.016609542395443926
ck_4388abce33ecd01b,0.7255389763076343
ck_c93def7392f0aff5,0.028652889138555904
ck_72e7b1acc19df820,0.004359675881296518
ck_f253130dc3ca5b3c,0.004948363565149825
ck_eb264d1b180d4b4c,0.046982993944526444
ck_c2504f5a113433ee,0.006577110177025043
ck_c16ab1e4dafb4910,0.08198202920309744
ck_4bc42878fa180991,0.015534315077799385
ck_1c771a7c78f6622c,0.0325467539413923
ck_d523f0e50a2747ad,0.004794737707650681
ck_9060f4e7ab7a1b0c,0.011195651240001958
ck_6b55ec4e87a5e22c,0.7106057018723906
ck_55fc62a5f89a7251,0.025782885842912624
ck_bd2545c62f258231,0.09457091837229695
ck_1ccdc69d0bb712b4,0.021380226309769414
ck_710f867a3bd5898c,0.0033209843225221157
ck_f91d48c40337d375,0.005064148046356366
ck_f76d929541ed41dd,0.036181753048863896
ck_e26a6659c237b650,0.017149135155714933
ck_184983177b73dea5,0.01917037487498658
ck_6d0d081bfa8a0022,0.028629082963653935
ck_2f6e64f638da0f97,0.003912004281932443
ck_15b93103ccd38609,0.0150383162750455
ck_094d10439b7b4eac,0.006097889697750171
ck_d2ca47180a926ba2,0.007306473408329098
ck_a69ca7b9d70972bb,0.011880182869156328
ck_68914e67343a7d32,0.016222351681133416
ck_8176616132458c0f,0.008791254530328339
ck_eee99af3598311b8,0.07584040236368657
ck_94410eedfca91304,0.0398548068164135
ck_cfb11a0a2325bff5,0.006307120856884366
ck_75217ee144b715f8,0.032377792380889864
ck_d56fc799542299b8,0.003521709657065628
ck_4c352dd3e7c81269,0.01944545717046021
ck_e23e50e02cb3904d,0.07682351853469851
ck_b921af37d500e139,0.0035991857521230257
ck_82181b935360dcbc,0.9683605162833816
ck_22a7cf3b99c5e5fd,0.028680447624789374
ck_f67ee7910d532216,0.01900032697541095
ck_5f48762a14a0326f,0.002436278234653534
ck_1757fcb0e6e3f88e,0.11075189556012363
ck_2c2f080ba185016e,0.04098269433071378
ck_4c25570eb72711b8,0.0027412032614230835
ck_a3be871ca22ac416,0.004684917071084769
ck_ab70961e7c6695b2,0.00950785002905605
ck_a1cdebfc42a52448,0.002034362496426985
ck_f1b80b821a20186d,0.030711279165314208
ck_ae668e4564cd2aa1,0.00530106525729138
ck_0e2bc3a5afa439d8,0.1214899121302406
ck_3dc378f37d0b74b8,0.03805201093219553
ck_9f9555197480d1cd,0.004265368475585328
ck_bf4e7d48770a4a8b,0.053023840514938546
ck_614ef655f0685060,0.1835619483280145
ck_04d2ea38ee27770f,0.0033380234868117227
ck_e03a9d8ac94161d5,0.0021602852726578547
ck_d4007b5b26d9d854,0.0023263055053993078
ck_2dd147ce6d61749f,0.023637642134105293
ck_ff45764ea7d6619f,0.011333378599497257
ck_dbc487cb0a6c18da,0.9516852547997356
ck_791d5392bbd80447,0.04402816159194732
ck_b4068439c413b150,0.00953298595043944
ck_85df7b7de9700aba,0.002377232210979955
ck_001e42551cd06e40,0.0052877815391925865
ck_a6c02ae50932cd9d,0.003500687927708944
ck_9fd0be2c018ff5e4,0.008954672674664647
ck_32a495128395fde5,0.003453184060757544
ck_b6f2a2fd232c141b,0.011997874864434523
ck_28dde633692904b0,0.09666728581363575
ck_a1a93c5f375f6021,0.0024841294455659815
ck_e3982142336782df,0.019132002155952114
ck_a9812ff3c111ea94,0.028775525585720562
ck_f04062216f95fa00,0.016357795587651314
ck_7c560467daca735f,0.0017337330625206867
ck_76ee10d6e2dba70f,0.031051109744507865
ck_3521243bdac61178,0.021020013555625765
ck_28588fb03b320520,0.0591882366636383
ck_580dcec33ec232b8,0.01243750150502873
ck_7109923fd7dab20a,0.008490263181550908
ck_7c872c99481c1e9e,0.010886796172485027
ck_46f4e1f5026f4d1b,0.0017692013903955086
ck_00d1ebc31ec4653c,0.21283241511213288
ck_aac70764dde15168,0.023500504912795678
ck_648c03f9aa4e45f1,0.0070528309768585155
ck_5478eb69ef912785,0.521094815690802
ck_79b8523137bb2603,0.03794414527069083
ck_795c49f312640019,0.002922515157627451
ck_89184bf7b7fe41cd,0.25736581465847286
ck_97d4bd922996fa10,0.00691040700972676
ck_1cef30d08f3a598d,0.0027529550935084584
ck_2f9fd36a4a40a6a8,0.0027824153862080654
ck_40780fc0f8d6f309,0.031476375733687716
ck_9083ca9fec2a7f4c,0.008725997492290897
ck_62081bc35aa59931,0.005071320086358291
ck_2e1b46c5fc56b863,0.1630667245215657
ck_3d139692c51b604a,0.0994978967667377
ck_b5e54e22e3d6960a,0.006975804154294942
ck_c0c4be3f44311b04,0.008624374614654342
ck_82a8bdd2692c2a5e,0.0034054257960228706
ck_bdd2da300b530c5a,0.009725460577494172
ck_ee40498cd97183d3,0.006187058081235026
ck_70b9274473bd6dfe,0.007161510497771679
ck_473d6314ea614b29,0.005846657301954866
ck_7443d6dca8cd1352,0.0046606610092593224
ck_3b49768b448b071e,0.005905135056417707
ck_b43f04431c267dea,0.0028147699781676146
ck_4424a5223ba2fe00,0.015640708918830244
ck_819bf3e8231f4081,0.029902030672420477
ck_91d417507a8c58cb,0.044563707157974565
ck_e88e86b19cada4aa,0.017269401510222014
ck_59684167f9c6bf4c,0.1128265227640883
ck_d5f5b0dc97b9dc27,0.0074608408871996434
ck_13d1b192bbff8f32,0.010399879125620229
ck_b21d8630387cabce,0.004204340207355596
ck_e4ac22046699b99f,0.005829360064027083
ck_74b848064f2ff45d,0.0043292198254460046
ck_166aa980cc87fa77,0.11360794560061667
ck_98e337806104dd88,0.003693859508890493
ck_66eb09be007f0755,0.11168297025263177
ck_3ec9b9d8dd7be11c,0.015760222349263706
ck_8b8b9de339d75d0b,0.009110137686028492
ck_6715139e240007d9,0.010341699257749973
ck_a0255ab46e122d2f,0.003548465306693905
ck_66e81a4190c33510,0.008149207913327825
ck_5d75ea4f5c9080bc,0.6297724670444192
ck_df69858b8a8b3165,0.008855674476212808
ck_e15252ebd7553422,0.0027370256474774624
ck_34d6d74bb3ed11e5,0.0019449683420037288
ck_c2608f78f6851d10,0.6581676357749129
ck_bb99071e8f58c8a4,0.3774454368269008
ck_06010f0df5b7cef8,0.012022868948689154
ck_8c582eb0f6c0148c,0.007698139532257059
ck_0034d010d28aea78,0.021232539241374238
ck_01c1f06692566ca1,0.007158881066913969
ck_4807726e797fb893,0.009601673217514522
ck_edc9668282e3c8cb,0.03406015229948519
ck_5486768475af7bb5,0.9481916073482708
ck_3fb9813849e51837,0.02019924989015151
ck_861af5a9a9a6d619,0.00700638170085272
ck_da39653add0f1109,0.00831893037672677
ck_74a4244eb1f162e4,0.0029352153450874522
ck_9a930faade55b8ea,0.0029909838305355032
ck_fb6e06ca88519dcd,0.007329296603684025
ck_9776cd8263a9f415,0.004557170329119738
ck_b3dd1198ac5aea73,0.012604473927202714
ck_b6675a04df1a4276,0.011915114778570712
ck_5c7ad6e731b69333,0.8081844850537075
ck_28dc0fdbaec00580,0.07665433432817081
ck_8e7a32f7e3905f4e,0.009328004679199182
ck_8563fed6674afc77,0.013007831006579085
ck_9a2fcccb82da663e,0.009421985840771366
ck_6a519bdac0d94527,0.0025466151502493146
ck_a0dab7aa9c4a39a9,0.0037313730154202363
ck_a3ce05e9e5e32142,0.04110121876392599
ck_7a7e40ee3f97c035,0.16845612829046291
ck_9e9a830785112a73,0.02477814364489646
ck_ab1bb02f6b189304,0.8650531398537517
ck_7b8cb0f90fbdc8c6,0.015485973334446613
ck_b138fc249e659e60,0.014439094554975293
ck_e73caa3771ec5e0f,0.004595125832245304
ck_18a55b06ccccd88b,0.031827068903014635
ck_fdcb1d9265d8fec1,0.01978077252439176
ck_e21a900556b382ad,0.012769084819832499
ck_c6bf67470f526771,0.007014498550345296
ck_b568ba3837afb39a,0.0022935157421932278
ck_a2858979dd5645ef,0.023996454842992166
ck_1da9d40837ebaa57,0.01691550352404341
ck_9341c7959543c542,0.0022748041399992093
ck_c8ad86806b9a2369,0.046876677039242094
ck_5c85d93ecfed4b0e,0.005467210435744347
ck_f07b09879d697b82,0.0043579735076977434
ck_fe43da07608b1749,0.0069050603714950545
ck_4bca22b5926b9c28,0.006634008470411392
ck_aba573aa942b1d41,0.029542961309709338
ck_57c14e32fa4683bf,0.0034970581314931054
ck_891530b489ce402b,0.004281223244527992
ck_5e74fdadb93ff293,0.11079769827640518
ck_14436a409ebcc90f,0.008234240641460285
ck_00013fdfa0bd37dd,0.008619029981061765
ck_7dbe24ba01316775,0.03207213688091999
ck_0e3f80c1553c591b,0.014282406079207485
ck_3edc45db58760d76,0.004925089865037962
ck_29076a13f539187a,0.5766812303771539
ck_b1e81b58b9a545ce,0.11144195843383664
ck_3f8571d4f7420b2a,0.028284153380678002
ck_7dff6abe4bd644dd,0.5397708137780745
ck_2884bab237af16b7,0.014090913338507264
ck_231e6dd1fe708000,0.006113565238203866
ck_33ecaa7b892e73df,0.012399916415495007
ck_b109ec4c63503030,0.012186823474181655
ck_a7f522382509cef1,0.0037567418845331373
ck_748b3ea941d8b3b9,0.00612093621883957
ck_29f3a1737a2d9634,0.04261783906981577
ck_cee8d42475a0f020,0.2244762641304226
ck_c6b6ebe145a8ffab,0.012825397795292964
ck_21c99e1d6b881894,0.0027909300535477466
ck_5ad798286384484e,0.00922119978225518
ck_b621b6ffcc7f4848,0.003138006427752123
ck_ea819e337233475c,0.0999782905477599
ck_9e3896c2668ce06b,0.02165559927961049
ck_501dcf1ead036d2b,0.007448809124287359
ck_8d5eda29a2cffa3c,0.010182911713550026
ck_4d3aa36ff83f1132,0.03758597544527571
ck_8e9faf94e3e6c757,0.0025768648911438756
ck_ce0ec41f96951048,0.015028832512777044
ck_f09165d73ee903b1,0.0063753736345153345
ck_a432b1bf1d3b3d5e,0.2039231880705758
ck_ea618f720ff0b4b0,0.005122112183862694
ck_7584e7bd755cb28a,0.005165337493279578
ck_e14681aad43e1a72,0.07325188764446726
ck_5e18870d8e30e379,0.02359492979505691
ck_ff7c26a62bda8089,0.002248510337237549
ck_cc5a35175d381d5a,0.00504241048062306
ck_3c25029e40aa8a84,0.00345732496639047
ck_771247b5bc16c12a,0.0261261309915309
ck_664b5e02759f985a,0.005825832182114221
ck_692a9e8f504b9762,0.002326259685163674
ck_df8ad2deb0a4ffed,0.022192835689932217
ck_eb48c0bcd12ea654,0.015389994317857092
ck_7c77e597c951cdad,0.00974642067804556
ck_4f75144c6f3b13ad,0.017194508753681028
ck_1bcff399166d7c43,0.009214500821642626
ck_975c2aa3d4a8c51a,0.010067865350375772
ck_bc6f07b06aaa4ce3,0.8322375184443864
ck_80b072b7f3c7e8e5,0.007000310572212979
ck_471e4018a23b4e56,0.037224708087884854
ck_53cddfba570b4a3b,0.008828111223093585
ck_630530e50764f229,0.015679476508182553
ck_dcef7887a4f1e435,0.01736689558857317
ck_2795921a055643f6,0.006889708488093335
ck_7456df89f3792235,0.010649115897388827
ck_5014a3b07e1f049f,0.9293232916214423
ck_d4ec44760cbe03f4,0.017157134322948728
ck_96810ad39d4cb7b0,0.008571502410134204
ck_3222ea25aa29bfa6,0.003821128674325535
ck_f6c42001b84a10cb,0.08325336032710035
ck_5ac86682385c86b8,0.01796449804228327
ck_4280c33af57eb4f4,0.0020082704943992415
ck_05f79ddd8eefaa56,0.0142726849100266
ck_3a57a13ce032a6fe,0.0032165953718804076
ck_a721f0d635fad68a,0.00681424036258752
ck_a3f821bdf408c326,0.007653435753144025
ck_0ada63008be5685a,0.018724418129993887
ck_8c949bdc6e8720fa,0.02753317357818887
ck_c0d2c56f9c722e99,0.9776227637519582
ck_5d2b9e6e087b8dfc,0.9792790722758793
ck_5217b55593a332ca,0.07729997696554272
ck_7a7bb9be5a7e48ad,0.018592735777478202
ck_24cd0d779e866287,0.0040215044068911176
ck_7367917891a63771,0.03951919182456186
ck_4b31a8862a857e6e,0.8408989967150943
ck_81429c4910ca46cd,0.004604809749543418
ck_b35d803568f82d9a,0.025064100478785916
ck_4b00e75c2d2d0522,0.003460080885976438
ck_77fced07f6dff42b,0.014923353130143693
ck_3c9a06eb07c300e4,0.003144873470586236
ck_b3867f7f494db64c,0.0021528712946139224
ck_0c45e54897ab34e2,0.029730788006119314
ck_507a6a580ab55c76,0.004812322296338783
ck_291bffc7809f896a,0.0025525285788351323
ck_3753cc5b9d02e2fd,0.006114118221083252
ck_4f63d5245b3ac1dd,0.01227217370664615
ck_9dfb2ae78659240a,0.024656620109174732
ck_90f6f5ced708aa75,0.0019478104235749014
ck_8b5b5a6b5539e39b,0.938505342165549
ck_4719112b55d20161,0.01616867983855974
ck_fec888a7108ca52d,0.9610108145123979
ck_4f5d022c99f118b7,0.009972779546100284
ck_e967ff05514b697b,0.025177011353262772
ck_839ce35819bfa4fc,0.0033667395127113696
ck_bdee1221b9addff8,0.010275951839174208
ck_9cde4036d0914427,0.00882377140963417
ck_5ac959cbcc5e98f3,0.003214809843757144
ck_619842688294dabc,0.03456245119239527
ck_7373d7b04c7799bd,0.013266572953791831
ck_c1dd3feb9a0b6471,0.007930344188195998
ck_0324a4812ec319c6,0.009848716470379866
ck_7f3685aa2933b251,0.029688926870290074
ck_06aee5a62a67a84c,0.05683675941710449
ck_3428910b44b9d08f,0.0400809420178923
ck_c3ba7534cefc1de8,0.004362468263565401
ck_1f1273a67cbad5e5,0.35126611547053005
ck_124565a11b2f8bb8,0.01050879235962135
ck_38e46bc861e0165b,0.016869261253105474
ck_c8ad3f01319c065e,0.028990882608321212
ck_3f94a34f5038f7c1,0.5418860789643618
ck_cee56be5a502fbd1,0.1154097664036697
ck_2b90b76cf4d162f9,0.009431376703782312
ck_884b2e463ff1d54f,0.012232975048420771
ck_fab4f2f8531b4827,0.03157457217905374
ck_4fc6256e0e60a926,0.009581607436445917
ck_0a2f8b2f8a5b6f02,0.005322775294440017
ck_9c0deab8a8367c5e,0.0031967138778754914
ck_d3a2a4c011fa2554,0.05413817570531312
ck_4108b4038f762817,0.2935216441978926
ck_4df036e2aa7e1056,0.012750922901977413
ck_ec094eb1cbb3efc5,0.00372733637367569
ck_09f8f51bfd2492c6,0.009591452825610304
ck_b60fb9a10d6f4489,0.022377491396687564
ck_3638bc3388dbc1bc,0.18345173813988272
ck_7a58e0cc9943c39a,0.0034007684265251635
ck_37dab6a0a536ed49,0.08975210645746953
ck_adc576690df5b33b,0.016842005037093388
ck_1383b2b1875000f2,0.006447059713366084
ck_43c1248db37a2eb0,0.004226599016609222
ck_29c11bd68858e923,0.0022544717329484416
ck_9401f9e11f65337d,0.04859642881097594
ck_ce5ed372b1a2ed6b,0.1901352268973524
ck_08b4619490e751a8,0.8089748466778562
ck_44b9125526acb05d,0.031784788456964974
ck_ef1a1de20d2124cb,0.016336481606899957
ck_e5e2624b7fc89774,0.023580024766770475
ck_f5100511609b92c0,0.002315573919898358
ck_64f3bb17101b7c42,0.007794916656140303
ck_ea1e5b5128ecba2c,0.012467947081566672
ck_516163fcf04d5e77,0.021409104108293615
ck_7f9a748110d70005,0.003646385018426916
ck_d263b55f0a681cce,0.0332549466122976
ck_0e962eacf98a813e,0.0033386989706666224
ck_0406931800e0e2e6,0.004164130302006244
ck_0e9b982afc88a3a9,0.9786027004835445
ck_8bbb625384edebd7,0.00506213610749699
ck_5eaeb87bf6207406,0.9689001221902925
ck_cc3318839c4b0745,0.005545265041857221
ck_08a0355d1f1890ef,0.015574245921146392
ck_af7ffd1a822460d3,0.25704142032101684
ck_2a09c7aa870edb6b,0.002804072823679071
ck_bc04f51c23290bcc,0.018944212107097527
ck_d3a8333cb389f4c6,0.010329728681505054
ck_88e3dd3039508332,0.031091341356540347
ck_b8c7771de9b57705,0.006348391204841665
ck_585ababa02383b50,0.0062756357030883374
ck_e988c108754cee9c,0.011588335522928818
ck_4a691892d9d6cf89,0.018444217721686536
ck_7cdce37d895eefb8,0.008158749951286593
ck_483fb981a1fb4317,0.005999823740552457
ck_c1e5182bd99e0e35,0.7072480932422814
ck_9a1e3ec9a1839939,0.011323688843658603
ck_5c3f13de0dbd5086,0.008181312282608797
ck_f4f6f0caaab70040,0.004451352712157386
ck_791be3378dd7d64c,0.01303794590502858
ck_956dd784525f5886,0.015090517002032882
ck_098167eaf124c279,0.013586857956383003
ck_33ecff7914349ebc,0.038826867338709097
ck_e05d44e46c7174e6,0.016030810477175254
ck_1b2ce474fa6582b4,0.026926522511973437
ck_ab581082e8f72e3d,0.009383658655821525
ck_e63256667aa19070,0.01891338907196588
ck_f568772b6cb3febe,0.050450177991976874
ck_dd89a282375bbab6,0.07659589180074897
ck_a39d0bca345b492d,0.005777469256138643
ck_d12d2924d0f7a64a,0.011049416050322721
ck_6a548da1728b5823,0.92927717535432
ck_6d64193681d2a94f,0.04378483410645321
ck_ced6b6dcdc7c201a,0.007757759891125135
ck_d1b0699d26282871,0.014271403517663178
ck_58f757e40a9b8877,0.025017151647745595
ck_3272c2c4a37d5220,0.9302453242633856
ck_d94dfde9e03c9d1a,0.008769001926234546
ck_08a6d4903a7fbaca,0.008275698221067104
ck_6c72a36b05fa0f4c,0.02586414950729461
ck_dbb4bd4eda97255d,0.00791853340110912
ck_94b59bbc824b307a,0.0031484001485077655
ck_0229a07185f15469,0.0072002468460343515
ck_11bf1039f8b3025b,0.0030206504217407367
ck_36789ca11459131e,0.03596938488539348
ck_8572c5f5c1447c62,0.025028210652274424
ck_9e75c6641939f4fc,0.024095783913799147
ck_b45e47c39d4dc7bf,0.02170478878132697
ck_02903c48b6cfd65d,0.004338569190158165
ck_b153386f1729de81,0.005219392238262128
ck_36979996f33498f7,0.8857316983311314
ck_3c02d4dbbf6716b6,0.006250648982424278
ck_66c9a19963957531,0.05681729821985491
ck_bae8dae7cfd8baba,0.003818279615725617
ck_bba0ccc6cd968680,0.029729845545897936
ck_3267fe3aac05c71e,0.006132332764263933
ck_40052cac10562cde,0.011085560923292692
ck_d973444855403e2a,0.013452483898086978
ck_012519bb095ad36b,0.9713039024002665
ck_ad7c256ea10c4a00,0.11290312182992653
ck_70a60e095e9b706f,0.002554049756150919
ck_f2734417c0db4ee3,0.003163869170642627
ck_9cb89cc3178e0172,0.024137964013899588
ck_779cc0f2de4d5488,0.09714240662933978
ck_35f8656bf93e3b3d,0.030744448207301676
ck_bdd8eba728800e29,0.011304899106906121
ck_002cf760d173f0f8,0.014359892523681153
ck_b046067c6ca3831e,0.00438788401879701
ck_a4a42d4bff8af645,0.0036282002552166202
ck_bce253d2396681a1,0.011030230575665493
ck_00dafc060c8de32a,0.06162693940573867
ck_968a99e097ee78c9,0.05080318884758013
ck_66949171b387bb93,0.015434895330104037
ck_ad305286702b1958,0.0026657300496655345
ck_4732da7e0d2dfc7c,0.0033255999775683373
ck_17a95bba77217d85,0.03420146971912268
ck_3e2516a3e35067e0,0.00824451863941435
ck_0b615ed566da1f58,0.019454961119903382
ck_d2b3ce1ebabe9f93,0.03332007844978554
ck_a892252e4e0c2828,0.009831110827546079
ck_cf606fd6ebfdf9bc,0.007242020937393484
ck_718865237134ebe8,0.004468850485389595
ck_878522cb775b904c,0.017372849795820555
ck_9ed53de6ef779ae0,0.003466850544803342
ck_3f16e2cd7e6874cc,0.012731130580418202
ck_3c59df37895ead2d,0.006871770163035676
ck_6821459b626d492c,0.002252669398817485
ck_11c7667920541587,0.009551363773928082
ck_23a016cf6b98d89c,0.020225207993235492
ck_7137eeb394d200f1,0.02094307120529742
ck_9c4886c5c90ddbdc,0.002563438027802981
ck_1422a7bf7756294d,0.9471279467480962
ck_7ebc5fa7f0d3b8f2,0.009712311460246027
ck_fcc2059a8d5c41fa,0.10019511056990718
ck_00ff7389d6a83e29,0.014892609552405012
ck_03129b41457795d2,0.014399852342192326
ck_38ba64efa7c38250,0.03576317639149
ck_57a6b56b09bff24e,0.011787106422705007
ck_e3b3c5a80a567418,0.002713209766699208
ck_fc40a16adfced018,0.005200017787151674
ck_9d4b5e6b43bad4d8,0.004774855847371766
ck_61129937ee466b49,0.014746407115719524
ck_74112e47b8629c2a,0.052832084921190056
ck_b4703ee97f94d7fb,0.0027452330001167574
ck_e560f720a988d8a2,0.7610186763004784
ck_708fea345f68037e,0.0028511484491475594
ck_25394c1b83e0b803,0.012947219275081124
ck_17ab24fe914ae44b,0.005139323637141766
ck_16c501470d9bb006,0.0038596946899982095
ck_628f449e248c19b7,0.10505998698228783
ck_6d64190623dea714,0.005667101105261052
ck_504a45ee08db72b6,0.012800347929787492
ck_6cbb011e0c70bc7c,0.0040710149242667235
ck_b3225a98acd04f83,0.005045782170115872
ck_aa37993f1c17cd1e,0.010921369204917536
ck_558cfe5f77a55a9d,0.008889822372882807
ck_0d0a1a021efea5b6,0.027749408344581894
ck_daf7aea023b7a8f6,0.11481444010960806
ck_d75f25184ece2b51,0.0046139147186301036
ck_466d4b5366c50b98,0.0022243489394106093
ck_88f27ab479063852,0.01702900941440967
ck_66779098e78c1760,0.003697364126852085
ck_b150fe4efb449b05,0.004168278459255733
ck_9c3aa9f23d01fa1c,0.005129877556037395
ck_6a01c375fc26705a,0.0033232971422114954
ck_002eb6552b504ea1,0.008789464422612154
ck_affa5aa0bff9bb0c,0.01744504179958718
ck_027614eeba8b1a4b,0.006650610762358622
ck_67e075c982add719,0.01204684618257879
ck_399b0d510be98bd2,0.01724511219452678
ck_e9b0bca7368555ef,0.004772899656727639
ck_59c29d9c57b4f994,0.014313506980580709
ck_37176850ed68831e,0.021395745317218037
ck_a0db4ccca08030c3,0.8094976806352413
ck_aa188e5c25f7f42a,0.022778275261764323
ck_7de6997178207800,0.07689890919043461
ck_c729d19053387be9,0.014226142557481664
ck_f2d3e3d90608596d,0.46621278386442755
ck_2db3fb565e0211ee,0.003988810883603318
ck_bed8a480e27e911e,0.013380936152061046
ck_d7ad9921a4d25926,0.03246781976132549
ck_2a59f23fc5194699,0.028981938033471433
ck_63601a58a6120d8a,0.01464609913846798
ck_efd7b9e22c6317d6,0.0116657492449522
ck_9ab42875a0f95b43,0.03922072037604237
ck_85cb5033fca7c846,0.031136498791114207
ck_5249b223000915ec,0.034036704058016565
ck_3efb0e9bf25612c7,0.0031666743871832776
ck_678e74532ac19700,0.01954527062962271
ck_a980b296c95153f9,0.018618644855505434
ck_01ac687ce0d696a7,0.02950370255492017
ck_52e1418cf1aa9871,0.0062471846576974445
ck_7d28da4f1dab09ee,0.526401889775125
ck_010d0c2e6c1657fd,0.04055194757776918
ck_b524f7a2e752b9d0,0.01119481177063654
ck_cc447fcc24a0772b,0.7580877903207528
ck_2cb3c99845e572da,0.004513933916499231
ck_604c710141327a81,0.0038085804253234342
ck_8d5fa65717d2e0c6,0.01816547622210654
ck_31199510b40602a1,0.02319287485266569
ck_49e253ea12f4e922,0.06287148086844283
ck_780738e0d71e7e43,0.003449947688911255
ck_2cd21137a07fdd7d,0.006174408825086005
ck_5e021f2a3b66e256,0.05598638475660207
ck_efbc79246e32c66a,0.02540947254257383
ck_9951bd806c13c7fd,0.03661476758652609
ck_7a52674e2806d8f5,0.019825295172286567
ck_1a319e509f1efa1a,0.002692620689583273
ck_c920901b9a4ba993,0.8607819355666543
ck_b71279e807d0b3a7,0.01633550238067264
ck_47e1032f490bb018,0.005675133295045111
ck_192579ecdca7ff83,0.006966074080514343
ck_b1496c474c4a3239,0.002600916658043048
ck_5e68ea2c5e893cf0,0.019257596601171257
ck_f2ecab85d4693b4e,0.024589354408172722
ck_89d7bfc81c3df597,0.015730414167369512
ck_7929284327667791,0.10979286021292314
ck_494ec63c5ce8e150,0.04180977324170315
ck_319b059bb2145586,0.03179501745979867
ck_ccb3767c239018c1,0.00352714514611994
ck_a1c7adfe26e09a8c,0.009237164353489816
ck_0e13c4f73818149b,0.012883642920662755
ck_c285a51ed6214f52,0.019709666489078785
ck_916784595f028226,0.11567756736006349
ck_6cd8e0196365c474,0.006704063129219687
ck_57b657aba4daffde,0.06662594688063568
ck_562c76a3753fc7da,0.5176789072763308
ck_66cfc1ebc9a513c8,0.004066176809901519
ck_0f38d4aed68d7d24,0.3171227153083324
ck_d8ddf5e99f7859e4,0.010674320477724094
ck_41bc3efa0fca700e,0.024232707797475935
ck_40799e129fcf42c5,0.45395092528558934
ck_786f079389126e44,0.012844514612333196
ck_bb4c6b713eb0b978,0.0424677388337754
ck_4f01f7eac0efaba5,0.006259462083580554
ck_47d29c01b20cf69f,0.018549221760252876
ck_bf15a1f8d67a30d3,0.03274633338841476
ck_bfecad7586f65e4d,0.008223987857653194
ck_fc9f16df35190eb4,0.16016498546950556
ck_c09c914e416edd08,0.00513881184208549
ck_c54c5d8e4433b0f2,0.010041989250081818
ck_1694c28f44480e98,0.0053444553212193945
ck_1dcaa3078dbb7571,0.001958442269895983
ck_af559f990c640e41,0.01575679033205176
ck_9b436162039a77d0,0.018335974984966967
ck_79d62ef181bd0cd8,0.014111367350738254
ck_23caafc2cd34242c,0.010749998389745195
ck_ffe2aa26f597e552,0.01220956078743729
ck_e6ffd0754ac08661,0.0025472910640383485
ck_beaacb4a783db21f,0.003781591746897589
ck_9863bff41d24ce9b,0.012853642695379341
ck_323b9cc5c49f8ea0,0.7976782105737235
ck_ab3de3d3e41c2082,0.016038142124134798
ck_35c93b2924900376,0.029540265331462923
ck_5a9d5f9901e37e31,0.012165940915523542
ck_782b0be796164335,0.005738947080428568
ck_11960b5f1c7a5e2c,0.004319907761078204
ck_9a66cb13a9884cc2,0.012144870990688955
ck_ba666a425930615a,0.003135828294544579
ck_40140bef4db73741,0.013012127919052438
ck_e05e91cc180063d4,0.11298619632467274
ck_c7f6f45710bc050f,0.004357402306757609
ck_055fb9f2e1c8c934,0.0251453706270506
ck_58bb02d98e2b9cd5,0.02535110049754623
ck_d9f8efa6a7800f76,0.005405481050388479
ck_69691226c68fd50b,0.15045811907404488
ck_6f2f0396e5b1c538,0.9547547956533652
ck_78bc3f1d0f35ea6c,0.013232166209576726
ck_2d5a6b6636a2596b,0.004665597650297917
ck_7878545739af0a73,0.002325140106037348
ck_03c4fa4f3ed3512e,0.0023044312157560107
ck_1a9e51d092d62c84,0.8398498256490164
ck_9f3861940d8d873c,0.01354554586053654
ck_4684fdd61c6a0fac,0.01796281243184998
ck_715966f86d5c913d,0.0037499225512546857
ck_77f293d44b4a3d2e,0.026205734280781424
ck_24dae044dc05f849,0.01779291704982754
ck_00b9818e2064405e,0.022337728630209087
ck_c1c2cb49c3c1b0f5,0.5427730519793897
ck_bed50fc64fbbf8ec,0.006658345919633042
ck_4f6ed5ea5ab7c429,0.010923825852562064
ck_458531c22ec2f9b3,0.0123612897619837
ck_51c50c4c443df31a,0.7199311083757174
ck_732d45bd578dc39d,0.008894372902804148
ck_783fe5bc20cd02db,0.06813398528896977
ck_7f188aaa63d1d442,0.004803574482622139
ck_ef307a6aee38d1fe,0.8330127647123078
ck_e37196b20968b73c,0.020902336242422975
ck_4ef9de711c3d93b1,0.019057999287524833
ck_17946516d5df71d7,0.0050102336716222485
ck_3534be0f4efd313c,0.011598123691254318
ck_29fbabf855cabdff,0.0024785777467551005
ck_191673540d8486af,0.03319990501047734
ck_5f52728d777ff2c5,0.007997841560481968
ck_a045a19369016818,0.9758880069284601
ck_4eadbe7298b15e96,0.010322115308825302
ck_a3a0bd59729fe619,0.007146949669388593
ck_a1e77090b1c6ccf4,0.006192746217152337
ck_69ab9d4784eb77bd,0.007265077074061421
ck_baa47383ffd50f04,0.006666851418064617
ck_e35b2ed08b9e55a7,0.005857215922334182
ck_b6e3af0a5119d9a0,0.020887172657904254
ck_a7c1dabf3869772f,0.08196933611452487
ck_80b8fca67a14e0be,0.2982983664482259
ck_dd9c5f0c42878e67,0.004401607770410395
ck_41ef7967faf5ce82,0.0021649744593229088
ck_a93560aa348d6225,0.06172222425741358
ck_ffe91d6f0bd93fc6,0.046735975933158
ck_fbf630c960194033,0.004785790453479221
ck_497ed60723283c0b,0.016925493873038544
ck_2a46b7ca55239413,0.017707047032661
ck_1a4e5ace078dd782,0.017993490451903852
ck_616cc31910f5de50,0.00941760147946139
ck_0d65bc749eb42710,0.019419021456342535
ck_2408db62e4395ccd,0.01036691215053304
ck_5d7721930106dce8,0.025202077593684404
ck_e8a6acea22b20312,0.2781780804696149
ck_e2f792fae128b18e,0.05948058523004117
ck_e6d3ce445b86003f,0.002884245121343018
ck_263334d722ecbc97,0.8901929530636064
ck_8c5b29f6666d4874,0.023025599992439267
ck_7ea0bf310fc20c7b,0.8182534766156768
ck_54d463f7fd89ec3d,0.012739831141507618
ck_79e45040dbdd6447,0.026465958511393932
ck_60b4d59953505682,0.8591745721043103
ck_fb00dd5021642507,0.03279133814031875
ck_f409ff994a210601,0.046254650332698696
ck_2ca0020038bfec58,0.741990908375871
ck_adf84b9df54c3d80,0.016709076295174798
ck_942dbf632591b65d,0.026784274840900263
ck_454a7e4d859a3409,0.0025022340216271626
ck_2139062d4569aa07,0.004837615858131832
ck_e949a0f4df0b3902,0.7189883015839371
ck_bb113e3e6716ed65,0.01614044975895898
ck_6a28ea6ce69cb869,0.12598968641655733
ck_7df9910af2bba21b,0.0064951691463120175
ck_78aa4b731cbfe251,0.009175566298140838
ck_5839f5cbd8165b1e,0.024519777100517046
ck_7158ad9e58769ffa,0.0927459764855837
ck_acee218cbe61df69,0.014860700563813667
ck_f8dc8473c2772729,0.0963515502377632
ck_f34c93a8173555b1,0.03202901280514277
ck_7cf301d075e4e709,0.0049156690570367305
ck_b87e88ee5512ea17,0.003760444812547576
ck_bed0c020b10afa3b,0.019860000080502302
ck_ca10102961f99eb4,0.005373049956367422
ck_393287947b5c8d79,0.014746867616098202
ck_2fe6cac002142f67,0.022675318210082413
ck_79c7f0d29b1db1cd,0.03741853333958741
ck_c735b643d3cbf67b,0.010159719004285691
ck_ea4332c8fe48e2a3,0.005839697785705747
ck_d39864119cdd460f,0.006760131961669034
ck_3b963d6be2773861,0.005601360543071668
ck_df39e3b8a9fd0bfd,0.6516378903764146
ck_6236a461dc0d11a3,0.005535992004677531
ck_475ebccca25e30d1,0.010790861301505953
ck_c10c8bcf5bcd516e,0.11646813290859988
ck_49ccc3716a564256,0.02451153119329943
ck_4e4f99102f6938cf,0.005174559118925887
ck_a97b481ade6f7972,0.01147620876319955
ck_3fa559c679751b3a,0.013872123926002882
ck_3eba1fd2c7acc4c0,0.4516466318907937
ck_18c179b4afc4fccc,0.01046823710269907
ck_cc1c0b93d05b7d20,0.07319259161492901
ck_742f7c28ddd019e8,0.021187538672374696
ck_04470bc93b8a0d71,0.008017580141254223
ck_6e8f8ef7a03cc6bf,0.023294866111773026
ck_eb1ddfc353b4da83,0.002537138753775506
ck_98831b57c7ca2e4f,0.0028473190883178943
ck_a6c7b8d6e8596d4f,0.009161202212599352
ck_cd7d24e3b095e96e,0.039670200084389574
ck_3f5ae4673a9f858e,0.00996213669319895
ck_05f375fc8ae0afb0,0.0212516987654489
ck_1fc98436281ee39e,0.002631701005929256
ck_6c48c58678f64bae,0.004815285967965257
ck_8c95aeec6a4c75b0,0.0028239563762212927
ck_364cde38958b7af3,0.13828854829283962
ck_85bf21aa1a00452f,0.005393265073661417
ck_796d3eaabc667c23,0.9661158083125605
ck_ac449ee0c315edde,0.003116971926692383
ck_6f9fd15ac6b163de,0.0037764120804308146
ck_4087065be2a45ad7,0.17133973290480253
ck_ecf006bbc78ee3eb,0.33301743355573377
ck_8ca808cc5a49cb5c,0.019327253838507218
ck_94b90ab8b2dfb50f,0.013312490557182876
ck_59fd11b3232de9dc,0.8963368139740269
ck_67f3794d93e2dd67,0.6784988314795427
ck_b7f5acf5df1bb13e,0.00949079275748452
ck_fb04ecbaebb774bd,0.0145237318018144
ck_68ef3e7301c621b7,0.0122810433749174
ck_41406cfa209b6bda,0.004222417275690754
ck_b0f8f5408662337b,0.012041563971182808
ck_0d2901bfe585c391,0.09766314138361307
ck_3398551e81dbf3db,0.023949209385463688
ck_61c3e3e277629646,0.010927779739810338
ck_2825e34dd3e7ea2a,0.008412838219598564
ck_20d7571ba830009d,0.002910660837881103
ck_c98b16f9a72a6568,0.002390801193851976
ck_e7c8a9e4641eb9ed,0.0028127944815747098
ck_254a7c97c36dab8d,0.021880080358049187
ck_e98429675b46272b,0.003892282898549144
ck_c2fc0ac460786d02,0.024290988147340833
ck_fba15647b3a140d9,0.007958224037866602
ck_15ce50f2704227be,0.02164868210334734
ck_8c748aaa4a4554f9,0.01906772106402458
ck_e00e82a9419ff086,0.019818286761471262
ck_832341c98254bd84,0.014082125935622969
ck_27466468d06db4eb,0.02092215030706015
ck_9d7b9e3ff1f3e71e,0.018580781306892856
ck_42c6973d3a6fe983,0.002791080563495519
ck_877c85bad118bc62,0.020341261334051237
ck_75d2a2715259c4d7,0.15783703231040386
ck_37d3e5c681a2214d,0.44880267642086535
ck_bf285dd49f372de4,0.02444922574367345
ck_a5bdd026fa9c50fd,0.024175280277155098
ck_88d9244a9cf7a77e,0.873601509721798
ck_5881b174e49b04ee,0.0044326745401234244
ck_5b16d67c5ea89930,0.027288843412638424
ck_b75b936aafac56b9,0.01659840236057102
ck_aed2681e1646a0df,0.06531797951575298
ck_f63cb5e8cc702bad,0.016250412950338668
ck_1805fcfc4a9e4ffa,0.8677593861372401
ck_25c355da356c730d,0.009413759705762696
ck_70396398e4a96449,0.005174856395500763
ck_0f743bd13373748e,0.013249969536821638
ck_4b387765f0e916cd,0.0027374878859871238
ck_e971faae8a10a260,0.0036938836606970685
ck_9eb08369e983abfa,0.006217667366615846
ck_c30c5844512e429f,0.02487610357359808
ck_59e77e3a81f1fa0d,0.01885054345783208
ck_ca4465f2b5c1a52e,0.9748399778006165
ck_c89b9ca398402f1e,0.004023554085504489
ck_36e72ef9273e7a95,0.006883927269377206
ck_2bdd8616870e5e1c,0.0033444661093997657
ck_216e87a41de22b5d,0.024191291585904467
ck_60f4fb44f5efe3a0,0.0038567463686088933
ck_05652e8ace6ce6cb,0.0037948076774731573
ck_8c136dc691e65695,0.0026962258409497833
ck_a08f8dfadbdca112,0.005110741739033766
ck_bda4041a3e90d860,0.009572810311955896
ck_15dd3ecaa8ce0245,0.9285546145207924
ck_3e3c64b3b7876ce6,0.016751042230114355
ck_46225858a38b2e57,0.008694315933268396
ck_0cb9f54928f4feee,0.009540076002404616
ck_152671fbf8a9a78e,0.5648537166827367
ck_ee7a515e87d17d4e,0.008204056530512682
ck_f7276091bf513d22,0.18089100383766263
ck_4f05daf1cf0d5755,0.0030640862124082513
ck_83a69c4a5d55ef19,0.01852857291689915
ck_c50fed2a7c9198c0,0.0092658976689608
ck_70d19d5650ddc8f5,0.01622504834888211
ck_4b4d99e443618904,0.009868527063289032
ck_dca0b6ca93311ca2,0.012895349355519342
ck_b7431d4706461ec6,0.00700690592503624
ck_7b59d22cadef3b05,0.22420929254719607
ck_53428573abcd606f,0.016523528848230266
ck_f538ab6aecf2adfd,0.001957304188326262
ck_d321249fb065d2fa,0.04334773369606886
ck_72fdfc7e6d8e1436,0.0032431830035311443
ck_b52b99dad89ecdfb,0.012296089448844949
ck_d2d4282f9d256b3e,0.0028202110253467616
ck_c8f2a1dd8a6141a4,0.0030948861958772543
ck_8d38747058d0aeea,0.8248088117713996
ck_3ac528caac74f563,0.022801340468775612
ck_8dbaaa00ad829ca9,0.031085231176802803
ck_7c38ec898f0fc21d,0.0030803776989762363
ck_8171ef803f5ff604,0.02805004562372009
ck_01a750db6fc1168a,0.05147252325847842
ck_ceb017baa26e98c8,0.27923413373658174
ck_e2c66c72cc0b0f78,0.01670168045830506
ck_8d9518f64b222416,0.007152620121831352
ck_804c5a1fa5753617,0.01012907700427038
ck_fca7cc9c42695453,0.004031522760240415
ck_3a632cdf2c19051b,0.006152022181447234
ck_b2b63ea65edf1dde,0.017490623551674755
ck_27b07021500ee841,0.013535870066178143
ck_9724718fe64c6557,0.9495157415180803
ck_2786cbc3e75ec034,0.6171680521444374
ck_d9c2622cb6df380b,0.013524234408483677
ck_ae1da8ee98e402a4,0.00961680723951952
ck_62967b91504149f9,0.0054263617300257215
ck_6b255bf68709109a,0.004194942763996344
ck_c55afc68421d85e2,0.01121476037820221
ck_7c7266f6ef2a8466,0.024706828272643113
ck_885cf685a9541190,0.9617278785292553
ck_1a4bb7d3d2ee3227,0.011290320307498021
ck_b4911c42f3bff740,0.002474453589549724
ck_66f9f78d4c6a3edb,0.021608623788074738
ck_49bdba9ee1899dfe,0.01838123353170133
ck_79b235d51718435d,0.08154842044020968
ck_d840db8cfe2ef6f1,0.003803294941599837
ck_610c7bcc1cd7ecb0,0.013556984877332845
ck_cf49b6544aff6c50,0.49826641175639985
ck_de05f97c3d40dd1b,0.057961206290388013
ck_0302f67d75973dce,0.012642953706675699
ck_54c2604c9ca6256b,0.012609239031329936
ck_a1c88c0568f142d0,0.18642404450848032
ck_5d72ff6cc2963d1a,0.002908240162623419
ck_0446920a1004c596,0.003188496776155343
ck_71044c29ef071570,0.012871770779500477
ck_2122e9bb1afffef7,0.006192993436249338
ck_d1e3de178601d3c2,0.01714483913941328
ck_bec8324a3587ef04,0.002318906697616365
ck_b616b6f45225f319,0.06549862710423246
ck_ce1e695884511479,0.036846029229482304
ck_a662b4bf900781e4,0.0022399316896116505
ck_b5a84c5547378c10,0.008075665913819568
ck_f80af368cfc6cb7e,0.007472363929981821
ck_da3526ab6c5c884a,0.00965237682743551
ck_bd20be9a3392d79b,0.003621733841836369
ck_b8266dcd90cbfa62,0.004607968470318198
ck_ac84b33304362c06,0.0221602092685949
ck_794d8935a895e33f,0.036911828960529136
ck_8fea7d915259f1be,0.0038822122309517754
ck_7a1519ad5ff45312,0.0021232088464405974
ck_9bf3ce30b65f75c7,0.05973390466157643
ck_5f864d72d1eead99,0.028715589518209045
ck_3c48e0cfc2a58041,0.4437287569025276
ck_d902183f80cc81fa,0.05447284313901427
ck_539cb0d117db8cd3,0.08156981034123031
ck_28f530aec8e77130,0.01916393259732168
ck_e7d903c50d353361,0.5933943566342597
ck_d288b77d1e227970,0.0393927262750242
ck_017208fcc01b5d40,0.005985014556723121
ck_7e3923d278a5106e,0.025594340546835008
ck_9700a00ff9e66216,0.017212343827951036
ck_5c36c78b7a4d138c,0.01736255815776792
ck_c457e9c9224b773d,0.011500201614786727
ck_1dfa91405d7e66bc,0.004352657604345846
ck_f1d8a2695a575e56,0.0048724205944952375
ck_3b92a46daf8d00d2,0.011212574489441551
ck_aab23b5470469649,0.0057113050013672916
ck_ecdd01a391610d99,0.003226827401022693
ck_abd3aa292f8edb4d,0.04150403738022558
ck_7fc9a0776e1339e3,0.005009457281318632
ck_c0389ebeb0e65cb8,0.004622172252090972
ck_48d0fc4f6a2109fa,0.9675574046404986
ck_571dee4f3336c7ce,0.008289212087448596
ck_4cedf26628c84f26,0.10499636214107819
ck_63356762d24aab81,0.011547078895358378
ck_2c5bc11bb7ae5d2c,0.8868448739285146
ck_6d26a152f900fee8,0.007499924779755587
ck_c972b0e781efed3b,0.0021890477667551892
ck_fa0ecbcf9a33d6ce,0.004241506917256365
ck_fa3a766e49dc77ae,0.0077696067835747755
ck_7baf1e55db0dc558,0.006850161086088669
ck_e8bc49e6494c1f37,0.0026807466660118528
ck_8ef1d05cc1e53e7e,0.1568570096612385
ck_cef2a485a77e0723,0.004278860074796973
ck_228a583f23abff48,0.008646109060948624
ck_ac32c6e374782b27,0.03678705220632854
ck_b9485218cef413f0,0.006802107855143774
ck_7f15503048915d6f,0.003658826340746929
ck_b62f5144db15ad34,0.0696971986308808
ck_917d82c552f95a23,0.016448993753781217
ck_fb4797045077bc6d,0.0035338119948110785
ck_2cf8a44e041217de,0.12498251188039511
ck_b7dd681eb3d2ee38,0.004139419433813311
ck_e9e8cacd2fa35e79,0.04422784846193835
ck_342a79f91de5d1fa,0.013126635970062564
ck_2c91f62c05685ed7,0.005374946072052142
ck_e30cb64302939f38,0.015043617828007273
ck_d0e95b90ba86da10,0.005379640817228729
ck_1774faf414a5d49d,0.9531919402955206
ck_2401e8ff89e574fd,0.4748718592652966
ck_0cd8802264e0a1ef,0.024703891026292706
ck_da84a0dfe947fd3c,0.005928148167076749
ck_c8affb27ba7fb5db,0.016579731794055506
ck_bc7ece8787ca7200,0.0060725343513728875
ck_469a0578d05990c2,0.004802465388688131
ck_eef67f8dea702338,0.03130434079426496
ck_4f490e379e9ded9a,0.003340759219354468
ck_354379de065a8ff8,0.010060001993375459
ck_5db1cb368bc41ac3,0.006563638760522903
ck_9b1c3742dd6fcb8b,0.006363253091563724
ck_63ce4f44c92d7143,0.03580049691252881
ck_e15e3390f5ed45f3,0.009164362210935004
ck_da645ea91d66aa6f,0.2543724341988223
ck_834ca727df855f07,0.07810924420753082
ck_e1d5ad20c737c745,0.012772613997566695
ck_ff8059ae5fa5f1ee,0.0026931274408974705
ck_8bb9e75393954a1f,0.002752745165980156
ck_4e1757d1347ab387,0.9751318199321238
ck_af3f74b1d75a5d95,0.02876324519002006
ck_6b1ab0742ff04c3e,0.036950190002456376
ck_f56073911c9f1ab7,0.00322446398365397
ck_51bd5f69b4fe0b92,0.9075669582806094
ck_fc3d95030b81f416,0.003073087677318179
ck_cf78169633a1600f,0.002628827172095934
ck_ad7269eaa65c67f9,0.012784839045687718
ck_cc6d33890d47a6cf,0.02023754761593268
ck_bc8f31f4a2ffa1ae,0.0049760218896280906
ck_720776a46e56dfa8,0.01446424387901959
ck_e2d1f212f259539b,0.008573034434923379
ck_eaf6f7082c3db2bf,0.045651253904805594
ck_773efe58c6278c3c,0.01874125725098741
ck_c4a72c09f2fdacc4,0.007649235914481109
ck_8982888dd6611143,0.007595185862184285
ck_9d5049e195eda029,0.02123364622083484
ck_de58ef6f9fe2b546,0.006403155138384316
ck_c0b50c11e4f5adf7,0.021261380963044814
ck_ddaf228487858bb8,0.09669139921074245
ck_eb2323215ff70362,0.029317295300216845
ck_168c96a1a636ea15,0.02073956289613697
ck_9c46711b14d9eebc,0.004364296828680075
ck_de8af660806b97b5,0.0060760093433608635
ck_6ab83f45bf16eaa6,0.005890458239278187
ck_bf2228a052815840,0.005384747386047829
ck_3f943f20a9da9bff,0.01513626588949787
ck_3baae40454c00938,0.009409889810298309
ck_bc2e771a1d8d2dee,0.04149149145391844
ck_e55f5ca37f30ce8c,0.005722411998350692
ck_4ad5937bef176d89,0.0051147410723017765
ck_126531a9126c17c4,0.0034813098318736595
ck_7ec423cb56257516,0.019697532187257838
ck_54748ae0f2daaf10,0.021554010473048606
ck_ff24776280ceeeed,0.006971116062025022
ck_3c3a1a1365741bba,0.004093786671330183
ck_615277c8a4e2b18b,0.013309137985937847
ck_a96aaef34173aee6,0.7274375009803584
ck_bea56db7f3e930e8,0.00318101682805386
ck_ca491debd3b32a59,0.031323701704115914
ck_d9ea77f4114a389c,0.03530589728847275
ck_322ffda3332d08a2,0.04577192792925766
ck_c40ffefe4e30b001,0.04042270884499596
ck_3b1d7648d4580bef,0.004121708402535835
ck_23981a3261674131,0.011432456116604445
ck_11667f5b9fac7bc7,0.00360117936572176
ck_646bb3c7be5f0817,0.01603818184953055
ck_ebd0a45712dcf07a,0.0133504047509574
ck_baf43bf1bd963f9f,0.0639659256158496
ck_e0ca2c819658f6b6,0.9525009758965297
ck_f0d6633d0834fff5,0.03908853849671807
ck_91081be0254878a5,0.006926251569763421
ck_1325000bc7f35b5e,0.0021865017704748788
ck_c624b9063400fa3a,0.02791463344982619
ck_0ad6fa0e23c3bd0a,0.07529539354305084
ck_6ddb55b1f23c6cb1,0.03235841798989855
ck_dce1fb3acd65562f,0.007287531660455671
ck_a9aa389688ee5aea,0.02556516830915498
ck_5c5284c45d9ad8bf,0.011837799504685864
ck_9ce743dd3e92549c,0.0185251602324648
ck_8342e08cc2f9bcb7,0.005732588528116741
ck_25e551a0a8d2fcc2,0.016609326435211538
ck_d4fd0e438c97e0c7,0.021364810461840054
ck_ac7fe1c344190c50,0.04656495792811442
ck_ddd65711b5651f89,0.0026295917023959714
ck_ec7406cb5cbc8f10,0.003585096103525448
ck_1c65e8d5be3b9c60,0.10503062859583781
ck_38ee42f15a573e81,0.07635096920166369
ck_0e5385c70c6de025,0.007445779168862375
ck_d3137f0f7629040b,0.008584983162067478
ck_9129c92c12e0c8b4,0.0031938474408100596
ck_c86520a00e50a926,0.03902462611995626
ck_87f82b2b5fee757a,0.02610387025089204
ck_643abfbd7548d0c9,0.013633598218016088
ck_be51f4e5e6b85768,0.49392569359091737
ck_132c16312f37810f,0.00425545162865597
ck_c78c096ca8cb33ac,0.005276829743576207
ck_2ce5afbc014763b8,0.022619172901103775
ck_50ed8f4e7ae6710f,0.0060416372377265085
ck_5a4eb535c9a11993,0.15518571121550476
ck_9b665ef46d785324,0.004610841872687078
ck_e066f71f8b296b7a,0.004360962635138666
ck_560bc6017870ab06,0.005899323420793583
ck_fd78f8a8663646d7,0.020395293394816945
ck_4af5ec61ddbde1a4,0.014170714462340098
ck_c2ed04a9d218410b,0.02046304810580444
ck_2455d43bbdd2bb69,0.017727942520042436
ck_56eed7041add49a1,0.3679968502281197
ck_5f0be7b468a72333,0.005004754090187464
ck_19660cec756632ca,0.007383238391850516
ck_fb90408f4892a21f,0.04345862176101045
ck_833a65b86a5d9bda,0.002191604082551987
ck_2ac36e1dff211d38,0.05124237552362802
ck_c00e70606904539a,0.008912997730728574
ck_ba8affe4b9505a95,0.8532059814468018
ck_0c3dd22587b08018,0.029759023239357717
ck_618c4e5cfae99dcd,0.18981943933942155
ck_c9690baddfc4177e,0.003817339112081738
ck_59fae092fb0c4aa3,0.01274520818202017
ck_e03b7d0fa0b28f4b,0.00402477123955698
ck_d451d24c780b5884,0.004821234267047714
ck_e980d325b8dbb8dd,0.003596310775517711
ck_cff18e2d8c520272,0.003780284760758637
ck_a0e46b67e986ab56,0.013573982202789386
ck_3a469039a5b9d963,0.012373101650045546
ck_12cbb211ebd2b437,0.014758173459487805
ck_b8cdd6d6dccc4554,0.0036569948010547375
ck_794ba5921cef50c9,0.018928712689894003
ck_2c7667f64edec2b5,0.008415649373094827
ck_7262b4e0c29c942d,0.00797040038850204
ck_5d818522cbfe2a54,0.03319393728331789
ck_de39c1947fb675ee,0.10464568060033437
ck_c021495606b4735e,0.007496466370689623
ck_1fc03ba33edd9e67,0.04275227027173384
ck_a6fe344bbf67f14b,0.013633000795726888
ck_963762210edc5694,0.03693834754974937
ck_d064428b7e7dc409,0.004374586440904512
ck_59be61b53d971611,0.009258266726154112
ck_ec8738ec663cd2eb,0.01935695111266227
ck_59d086fab5998646,0.01845096337497739
ck_bd32dd3b2cbb7888,0.9752956543366746
ck_ce0166addb93bbad,0.0041844798210163596
ck_7c0fdfbb447cdc04,0.010519784162810096
ck_cb1bd7635968ed8c,0.27962786166450154
ck_66f94903177f20eb,0.0179841184626836
ck_1d7cd5dcbcdafd7b,0.5692244609762576
ck_5e418a7c04437b4a,0.034616460786671396
ck_631ea1ae91ab333e,0.02907734837363097
ck_0a8029e79a5ae7ce,0.026346985097491327
ck_c4cca8278bdad9b9,0.002396155804976505
ck_4dec3df58077a257,0.08297486107626327
ck_609c249edd88c565,0.010689106957859474
ck_02e5f9cbbbf2f078,0.018358271226383227
ck_32e486859130458f,0.9157729958745173
ck_21ed2ea6386c5a07,0.0028404228415204224
ck_1242aa4496576a99,0.0068479860829643285
ck_475ea9aa6d3898b7,0.01171787443286561
ck_fe1b1adae3be70a6,0.6773341651701952
ck_c5414d7a8031d4f5,0.004228564043091896
ck_ca1f6f01868e978f,0.012193276935671188
ck_5eff0208c74ec714,0.011327657845633691
ck_a315c9619a317609,0.01749428180475083
ck_2b87683c90acb852,0.013794426309524845
ck_7cd9f39c50748ed0,0.009192800683902993
ck_16a06d58d71935bc,0.07405042989632596
ck_d116e0e7c19b878e,0.9241671579103887
ck_931510e384b1d0cb,0.007651106480272685
ck_e7651fb87bb24132,0.010096742412239415
ck_88ef9f85948e1a01,0.00624580809562919
ck_17bf38d51115a8f3,0.0043986025382356875
ck_2659d1d3762a2825,0.013420521238463799
ck_a7285955e2852686,0.018172922955477212
ck_f2c33d5b65b321db,0.041955749198403634
ck_83e5979334345622,0.023224538075181933
ck_629537d8b4d0f395,0.01421939034683085
ck_72022008a92c9386,0.023951001375704106
ck_2973b8274f0bf69b,0.0339947459565209
ck_565e3418d2f4061c,0.027322773617992725
ck_54bb53b8f8ea32ae,0.9311182389016555
ck_af0a6540ea7a36b2,0.004356717384879806
ck_888651bfc2c8cf70,0.01005301501393235
ck_1dedcb48ac381a1c,0.0935253032129248
ck_f73273e220296be8,0.01369235889579326
ck_8424bf65223a5a9e,0.0039028274740254346
ck_337b930fd149a696,0.021867095546816737
ck_8a4952de8a123ef8,0.004087827903204252
ck_884168153c9c0c81,0.029535076761066027
ck_fdda581aec411010,0.003977275446912792
ck_2b7cadbc8b180d32,0.6475150005226805
ck_8aa8b9968233a1ab,0.0055120472368984
ck_0af18b3ce015d294,0.0042593938034767385
ck_8dde670a735d1e90,0.0708416550482649
ck_62f46226f244139f,0.02862814199576321
ck_f948e8a8fdd79b4e,0.010318331828139186
ck_fa00aa0f3e859904,0.04803573533336583
ck_fc7935f784a4f249,0.005527352956558323
ck_e7501307c0698e5b,0.01795383846240368
ck_549ed417f2834cee,0.014902662462779303
ck_fb2a35571ec719d4,0.7025426498317086
ck_25822068c86c856f,0.004109827363511323
ck_8f35d229b62c8f23,0.003574627509993407
ck_bdcf049c1e7d0c95,0.0054043714118151755
ck_0aa9db36eb16422a,0.0022421827393972814
ck_42dcf92e9e016922,0.053035021881163935
ck_42341cf31c08c981,0.007014999442476103
ck_0b20bfc515ba42a2,0.011691101896147821
ck_0ec820b670d48098,0.0037568264517024073
ck_1f0bafec397da8e4,0.1780266684271565
ck_82f07504ab59ed33,0.027514982377735385
ck_337b24a474010abb,0.9662808277093988
ck_703703bda38fdcf8,0.010679993739497068
ck_01e7960c63dca3a4,0.9106116013811049
ck_be5bd81e3715cb8f,0.9422595665299347
ck_197f8058cea1fbea,0.0024855247988101914
ck_eb3fb1106f2f1b21,0.034540262947545045
ck_658b4b54be09a4bc,0.9685614304261421
ck_266ce7ccf41ccc50,0.007308908726294012
ck_110608c3b03d4038,0.8576869086089456
ck_1be8cb95d6d9bbf8,0.003667077555097554
ck_8e16a64a776afa82,0.20562670247518405
ck_34bd190d37eda534,0.05832128736344876
ck_4f521611ae14ae66,0.002793480748337803
ck_d839798f9520363e,0.023714753097935453
ck_d1bbfd246c0ac9d5,0.005707177182784969
ck_f19030e6e85a6776,0.017583278204330158
ck_cdabe60ab59f9d5a,0.036849024191195096
ck_bb84b2b30293f566,0.6537922585472357
ck_427b91925952cb40,0.057459307506611136
ck_1078b1e155b5b640,0.011928881556417883
ck_95fdc264eac72fa0,0.004960641936373772
ck_e35eb857c61548b2,0.8585341367374308
ck_69bd0b1abea7e1f0,0.06988426902422952
ck_59de511b20c842ba,0.020075356433368597
ck_168e7ea341a36b80,0.002814814892917743
ck_4937cfa6526ea138,0.020004724844740838
ck_bb1a981306b750ac,0.048279524513398814
ck_f42a43e4c3f34ccd,0.0026598020173509342
ck_c7ae1d4b3ab38185,0.006634657830332182
ck_bd23cf9bba1dd33f,0.021337647260200338
ck_0fd826fad7ec7cd6,0.01777461438026568
ck_f143641bf3dd0414,0.019347429985751945
ck_ad6d48c20a3688a7,0.0026384341199879573
ck_7bda5b5b927b2905,0.04403087237021827
ck_a337eb38eefdcc88,0.04762988004213059
ck_403da2a2d800df9f,0.057414234228075636
ck_aa01d5aafde73d0a,0.0026860264611265152
ck_494954023f0eb309,0.027030980275059735
ck_1c6820fc38135ad9,0.008297465013412702
ck_0e0bab173622db9b,0.05294158006105972
ck_547090bf35a3b243,0.004788545595216695
ck_d69455220b21dc9b,0.0065284071382600475
ck_90b4ac695b9c6bf7,0.0027620495889859476
ck_8d2afe17c0082e6a,0.017521418064527637
ck_926b81c0ba528eee,0.02966318123041479
ck_ce36b0c287bd198e,0.030012024001074517
ck_8026e017909aaa6c,0.005203784518641567
ck_dfba788f35d4c372,0.004265403825022907
ck_f09f9d0e0886e0c6,0.014635069053702345
ck_4ffe0366df388604,0.016353780194456356
ck_75bb521de55644c7,0.10333360636346085
ck_81a960fddf79ecf1,0.9350114687464932
ck_8f43459991ea511f,0.006995381387911436
ck_f878b68d66fbfd4b,0.003653376071235226
ck_e84abfc0c747c9dd,0.9201834169539733
ck_3ad3fd3cceb56b66,0.8973203051838192
ck_7cf562578c7f158a,0.0046976072509791475
ck_f81a97d350397306,0.02055669626901996
ck_255d87b7fb40caa5,0.015502626113059127
ck_b3905153b9eee924,0.0231642169039881
ck_2c80a592fb4cd6a3,0.002855694833726567
ck_57deb202d4188a29,0.011261596088437822
ck_e3cb5f31d8e94448,0.9614720633416287
ck_0db62d5f7f75f80f,0.020147114147002924
ck_ced9163ea85589ea,0.7076257053377939
ck_e16528edc694fb33,0.9088485685499883
ck_78cc5ec4940fec3b,0.0055563019748216605
ck_31742076e9a998f8,0.025831739044037627
ck_5ac335f02280271e,0.006434222784666817
ck_7cc2e091806cfa5b,0.02782661468721782
ck_3152c7115257f084,0.008428085573760387
ck_ab1b9d019921bca7,0.01673921081486441
ck_c33a762d98f9b290,0.006647434942839138
ck_b16a7c51b6f7a6b1,0.03310977511963277
ck_97402a153348e68f,0.011708073847818218
ck_95391029a21caa24,0.016320305739582902
ck_c2015a1200971fe9,0.01797206274071174
ck_ed4427962c68918c,0.9113031602601993
ck_c5e4a17d3efb19a4,0.11865282586968381
ck_8aec3d3dd51517c2,0.006071617640001175
ck_f5178a658225d8e4,0.003031544017182109
ck_8594f165e95316d2,0.004648748239973162
ck_f0c4aac04076a6dc,0.01006042096255499
ck_ac2f7397801036ef,0.013986797438689353
ck_d1ea4bcc407c7d5e,0.009021012800459891
ck_cce8b6657a538fe0,0.011532125493595374
ck_66d0c6d6b67a8d58,0.00723248785662418
ck_1a6b30320835e57e,0.010681386087258002
ck_8cd274cc85aa35d1,0.016985742707340035
ck_ada46085a78280e4,0.025436179029611105
ck_ce1b06623e4a815e,0.0022275844732879495
ck_45e70c8a9686580c,0.06538653337502572
ck_0084d8ab6b1044f3,0.0038926538126136624
ck_a5f7b6fed6df2aba,0.0288467322284445
ck_94940d783e7988e6,0.005029197310482647
ck_00f9ca84d1d8ae7a,0.004565035729928344
ck_0deb56f3f6452818,0.0069851292983102
ck_a58e900469dfc3f0,0.012831427922136023
ck_028c41b195280980,0.005952498003287681
ck_7661d7ceaeb19f97,0.008919986344087928
ck_6957905a65c47879,0.006968856540518704
ck_f7c6c26ef3c4ae06,0.010393884649684455
ck_8777beb11aabd66d,0.009257181856343005
ck_7db098a17374bbf8,0.9463165644834671
ck_66aeb00e44486cda,0.9050814631641151
ck_838c52cc1d315ec3,0.017800510542544272
ck_1745847cd4e5dc83,0.01716290267944768
ck_201687857ec8b3cc,0.013433808862279125
ck_81818169208a8cda,0.02342353039194202
ck_3303fd3f64632c7c,0.03087353281755994
ck_edf1096809e83ef8,0.0033227462549813166
ck_235ce9603c7dccbf,0.016135576895933163
ck_9df7e153868bca13,0.00489715977697896
ck_3cfeade2cf270fee,0.008092971181797349
ck_982b0bf2e2b6c4f7,0.008729042410694894
ck_faeb0da678bb86c0,0.005038867875540088
ck_e86ad2fe815b6ed9,0.10269447627780774
ck_70d69e5d1bb99e85,0.010220930720375759
ck_7e9a8924eab779e6,0.9480744246791766
ck_019d5891103e7da3,0.00685674832176645
ck_14f0484b3817eda5,0.010888710169710498
ck_85de63d278f0fbae,0.002557780923550951
ck_ae91b4cff57fb3bf,0.04459192185463179
ck_2a6d43b9f883b78e,0.8166921145529293
ck_7a4e3d553e8ab5b7,0.09894986993506934
ck_fdf89dc69f700f84,0.06735691508758719
ck_f92e04024bf13558,0.0035083667261174914
ck_4a522ca2dc4831a0,0.002125366242089808
ck_68ba25dc3385fea1,0.04008877065185756
ck_22128a4f0d033422,0.02211511497718974
ck_5b52ee0a13c71590,0.003581125965352272
ck_59472d17debedafc,0.006874658514815527
ck_9dde2c63acda3ba3,0.06271185248071526
ck_7510b1023cd08531,0.009894998389018306
ck_071ddaaf2e4e3671,0.006566338243635714
ck_1355db6f4010232a,0.004374640216168681
ck_0a7adc2f27f98510,0.19247132373121628
ck_68250033717cd59e,0.01423382214126312
ck_7c12de74de30b788,0.3794491526676673
ck_65491367584c730c,0.012739460570048763
ck_e9047964952bee70,0.01447304242080229
ck_5567779d6ba184eb,0.019278128508980905
ck_d6ea026357ec6477,0.00996789363049279
ck_cd7dcc884e283746,0.03533267023722353
ck_0bd77fea8ed75a15,0.013112168167881777
ck_e80883208e8d0453,0.006747827726325923
ck_2ad0ecbacd5acf8e,0.9446848159610308
ck_6c1dbee7e8fdd5c8,0.0847506696552061
ck_ee4d9a7449515908,0.004275654774802974
ck_636111f7f030496c,0.002974679499440705
ck_2c629c657f73941f,0.017551286906353113
ck_c1c9d3842d758420,0.049913793207926396
ck_e4df7faacdfe8c40,0.028350486673140263
ck_94e8142728e44380,0.04261643647472468
ck_765aaf42c5088545,0.012091711340958296
ck_e0f845159b6e6a4a,0.011909568521940736
ck_5bc07deb82edbad7,0.0032240679346857795
ck_713159c5c6a7a4d0,0.9766649789221731
ck_b08afc91d9ca55db,0.017392610421957846
ck_a7bc323ffed2ea97,0.1674319541398904
ck_85ca825f905a34a1,0.013495165275419435
ck_33160c443d4b3f19,0.012542674016307478
ck_832d39c590a3ca75,0.9381040687042024
ck_7d1661a34164406e,0.9682986074124207
ck_c2466fc40fc9d5ed,0.9275772908719867
ck_ed0e776c0926ce67,0.07822681001164691
ck_cdd2ebeec75bfa69,0.7603742088009352
ck_d7877684c7923ec3,0.005136720645681847
ck_7384d4d2406aabf4,0.017358010235625616
ck_b8e5244e650aa81b,0.01508287032657477
ck_25a1ea40b2d59254,0.004649929386147178
ck_b9e5b318ee4de68d,0.0091737311157953
ck_620d7ae27af83cea,0.00561553577887499
ck_40b4e264d1a12b83,0.8614840444631342
ck_b694c803b62862b3,0.013935915498062612
ck_cbeca201dbade3e5,0.03980264532457771
ck_f9b439c9161c3e52,0.0024607868120942763
ck_9880410fcd10a28e,0.002653277130543274
ck_74928f5f91aa12b2,0.05327746994980879
ck_b6673bbe61d2680d,0.023286321026161964
ck_53c8315b5c30acb4,0.006098866208538546
ck_78f01d78ea79642f,0.03677487346187076
ck_8582490d6e365a63,0.009398336283812318
ck_af25c72d16299258,0.003939286489633048
ck_7905fe8e257b0449,0.14619573757896526
ck_0d16d9349e4a9e08,0.01299176597524752
ck_31b16b8848584e98,0.02521313065825827
ck_67207e3eecc02d76,0.027688345839558592
ck_e6b95ff91116a592,0.018938748892383263
ck_c08f622bcd6de6e7,0.009806194957064484
ck_f9a68da9e0f0bc85,0.0065768414546290635
ck_4072b59388976896,0.008008539531620765
ck_8ec86e853ad52828,0.13378245603894853
ck_4fecb87eaffd5cb5,0.00829471224003089
ck_d6880578428b965e,0.0734881927221805
ck_bfc82b3c1c9f2897,0.8919647455681083
ck_c340644176ca03e7,0.032080767389261806
ck_321e740066fb05c3,0.4967319701210016
ck_8929d2eb09872052,0.05008714309432698
ck_205c107cec528414,0.8857713850525284
ck_e76db7d2562f9836,0.009953198076017206
ck_9ede51c8434cff6e,0.026082439829249387
ck_492e4b89c61b7b6c,0.010590247456813699
ck_9385f5a1eeebefcd,0.020443891021683973
ck_ee52c7bf88f952ab,0.011213074936642115
ck_d8116c34302021d7,0.003380984145639225
ck_01645ea51972e99a,0.030844091181867393
ck_7b45ed23304a854b,0.005806766202337142
ck_2096d32f3d497ea1,0.06943114895331486
ck_dfbb2056f1ef7d3b,0.004596989700897337
ck_938ce30c864bc7df,0.0019712789087458294
ck_ff30dda2c881a4bd,0.7087199176745036
ck_f88c79186a082beb,0.038399265550279504
ck_08c7bb0f9851cb76,0.08034633203932416
ck_2675e7a008e584a7,0.05006094969975089
ck_cbaf8a954281d4e3,0.8946294791394948
ck_8b24eadf6c72b30c,0.4142798769993606
ck_ffc8e3c1377d0706,0.0031635909810237813
ck_5b59e859bed5b40e,0.02072433342910219
ck_7b61717f172f9317,0.9144737771477551
ck_e5c30947b732f661,0.07687486978666618
ck_bc273f3ce79f7e1a,0.0066332910039069186
ck_f69e93388b3028cb,0.06599595098523446
ck_3837ad850996ba60,0.015999904457298576
ck_36d78ff3bc033ee5,0.016143739962449128
ck_5e20953547ba4135,0.06678379622429283
ck_258d661e450ac870,0.03580784174116763
ck_1df66f537496ca59,0.06680631392466387
ck_361f535599110201,0.025389414674858092
ck_337e98c69f6e7886,0.01379762636902394
ck_d3d5b2717cfc3913,0.018353258229987502
ck_b1dba768dbe7affe,0.031868148972420775
ck_92d782bd9ce0d1e3,0.004710832856531479
ck_26bd0f8898afc8ba,0.004637771313861179
ck_7916e53daab36745,0.2021303323522828
ck_2caf553b31831a50,0.0213268859997235
ck_c6200734c7f9b2f9,0.9099392240763573
ck_cdc55623cb16e6a9,0.01800189328779917
ck_57849e15b61c43b4,0.003091779915856379
ck_b7af9b2ee0eebbc6,0.04762827581741973
ck_00aa5fc3b3bc66aa,0.025392745557367306
ck_9929723f65636c7f,0.9827567162908977
ck_8f6cce9f69912983,0.013878474906145261
ck_c422ba389ff00781,0.00281205497496976
ck_9ec7f334604a228f,0.11558280811804862
ck_5d01200ba3341462,0.02171915920592752
ck_2bf10be403849c9a,0.0071990495129655215
ck_6ca018259f70858f,0.014028190249369906
ck_a54dc042ebb7c766,0.10240281756130747
ck_79da63fc100830b5,0.03592711129968697
ck_67ab6f9e05c85085,0.01104812607526512
ck_fa80da579ea9afc0,0.008640545925460293
ck_4339f86c87289222,0.9002029105554344
ck_a2299b4f530be0d6,0.1572795393551351
ck_19db0bf788697c2b,0.00795297352432925
ck_fa4211c4d826d830,0.0018491351256338887
ck_96100d5e8e051e91,0.004932540401276029
ck_5c3a671883d58b3f,0.0017766140483362555
ck_2d9524787cfe1ab3,0.7464318112451087
ck_47ab8e51e5b3a2d8,0.006653278709573877
ck_c924f36bc1bbbaa3,0.019449345397839893
ck_5c58e7f8fd55e26c,0.018552193291420126
ck_a07e7409d6d5aa06,0.014239762887072505
ck_c8413898f5f7cb7d,0.02437903060423375
ck_577c816b41cab002,0.9219023589242712
ck_9f7807ed64cdb728,0.03488723369834912
ck_495d814d6d6d521e,0.0020304222189184698
ck_7aa8bc018c2b003b,0.003796161650060191
ck_7c3a6a82f3c3241d,0.006584771325029257
ck_487f7fbc290e4ae2,0.0032942644571213138
ck_e556c4d36aadbe03,0.0032569881388202727
ck_7e6569a1b2455cb0,0.0026376864184587323
ck_de2924955926d046,0.04557104786216227
ck_73d60b4630e3937a,0.004603081159412626
ck_805ee564bd35ef15,0.02915919652111555
ck_0d40961e47797027,0.002161687178513814
ck_f06d00a4f9c87d80,0.004623856096516952
ck_5ef50fb07b6737d5,0.014126064418013885
ck_16541fc15683e21c,0.00333198947162715
ck_09fd43f1b7e2eca2,0.003912541136970676
ck_2a2c336a69b8d68d,0.02283965747557607
ck_2685f38930866af0,0.01961224382883834
ck_298278a9da874437,0.006742414678713199
ck_00bd7803f2530c68,0.012669446385254825
ck_c2b4a1d8c0b6c1cd,0.002954475108525885
ck_2acb54ca20c3af6c,0.013703613852232973
ck_e3d4b6f681c783ab,0.024711080254219843
ck_f90293f1eba5d7b6,0.07094648363966631
ck_e69d27e8965df0be,0.0025551919788933705
ck_b7f5d10b427346ad,0.005639084560104235
ck_1ce20e4223a936b1,0.020976306276708857
ck_6b97d1ab90f6bdeb,0.008949020368396324
ck_e30e17db5473c7b2,0.02823231950034157
ck_154c8efb19dee665,0.020186843258879924
ck_6f5bb0c930644cae,0.9758720315398174
ck_9e17699baa83d173,0.004305229634543621
ck_9693b1eb70880205,0.011773929764007391
ck_1e97899875bb427b,0.012378656145856431
ck_558a82590f65df69,0.0020842088486191677
ck_18df83242ff3cdbb,0.7811343983968698
ck_80ad4396e1084c68,0.02877279826740319
ck_0a993bc947bab61f,0.16071182680019752
ck_5c2d43ff841632f9,0.015087453469529874
ck_6e4b99fb9725d9fa,0.01719259046436487
ck_e0983999ca26c19e,0.016048438228546718
ck_6573c4947cc8607e,0.08392277164815516
ck_d879d645d6e44207,0.006287071605836062
ck_1375ad9f10688e4a,0.006958214835326604
ck_7501ebbf4e21f160,0.016022100495269205
ck_ca60d61cd4dc3bea,0.002852470143017013
ck_ab9ea095a5c58b4b,0.021097107072073386
ck_23756522b58df5d8,0.0023352801019908024
ck_90bc176c43d85fd5,0.07204526220447624
ck_908b663b2dda94ad,0.05662304773357248
ck_4df2fb8e4b649e27,0.032352626731075584
ck_5615c6bbdef05291,0.062020342985480204
ck_b62f3e3185251f71,0.002248389517385134
ck_38d1a22850178f33,0.0021971783631687474
ck_5b3ba20c8bb1383b,0.009203992193377437
ck_5576ffc6aaf6f22c,0.001980914462860701
ck_cf7a022178165e56,0.0029189941533678595
ck_f2c7a4c50e2ede96,0.0534818263208723
ck_285719c77eadf915,0.002926949085028955
ck_f2aa1b677619ab19,0.019834486863238875
ck_3830c58d841e9e69,0.4919797607803317
ck_32eba3510c8eac5e,0.007409399483380939
ck_8955d7b9030d5eb5,0.017550542975306446
ck_6775e387dace7525,0.009194910588937882
ck_0a0cd7f4be606a93,0.06074827511605052
ck_a9f700eee5d638df,0.003931191551024676
ck_3d7db96995745472,0.0349301357751984
ck_aeed557007d52e9c,0.010002168011801132
ck_79b6a86830156b5a,0.015559449332956055
ck_6a1ff9d69466181c,0.9778881583398482
ck_f11b1565f986f5e3,0.014929619489217782
ck_4819327a78615485,0.009154869664771503
ck_3ed9e081959b2f5c,0.022625673606018
ck_16af4be191c47d3d,0.0020707131752681343
ck_25122cc0e8b1a662,0.09372732508972455
ck_509c22828d467ba3,0.027809542208868145
ck_31109c899336348d,0.21691171472619408
ck_c51131e53baa59c7,0.002705883417421077
ck_cf8ecabbc61d3e11,0.006115744399561748
ck_eb6baff0f85ba936,0.02227851157169477
ck_777669e2243204f2,0.6713633452679744
ck_ac0ea27e692acdc9,0.02948227822547598
ck_4c6ea04ce8ca9e2c,0.00387715437221762
ck_ca54b32fca7e94cd,0.004312944116555822
ck_4dfd8947f540eb24,0.009563015839981957
ck_95aff1fe27fb24bb,0.03982554611167879
ck_c7550723b90e5615,0.01019852070752166
ck_57b3fee69bdf85e8,0.0024871345030360965
ck_f823407ace7ff064,0.1555794247611827
ck_a69084a068bcc8aa,0.06097122403034555
ck_c7b17f7b24bef5d7,0.015447936960197344
ck_7c4e588f927c27c8,0.008176361402650208
ck_77fdac602d0c6f95,0.08270726392108294
ck_e963d8525018d072,0.023428231524631714
ck_6e8ebaea8f7bffaf,0.002458139858040312
ck_aa42976a31cb7770,0.0065388434241822665
ck_22c862a496008c96,0.9770689938456052
ck_527550dd15f38782,0.016009807707976262
ck_b3ab3c210e2c7c19,0.026660499499918604
ck_ed9c56fdb9f45ddc,0.22859103369474015
ck_b53281da70defcfa,0.02109095480299618
ck_03009b721568ee98,0.015235202458548905
ck_3d9afd862b3f4053,0.2644414162115402
ck_ad3c4be96599554a,0.0046722259529126025
ck_d1c787c27d50af49,0.01175668355753521
ck_c7a9c7b2eef46a99,0.004850088804746814
ck_53036d3c6c74446c,0.1404713008983103
ck_1b1efbd9c0964c8d,0.06794968740976294
ck_d66f42a269d5c1ed,0.01083350252059233
ck_fefc49a2b8ad993e,0.009407476779020717
ck_8b3b874249adece9,0.037454777363994614
ck_193d9c87ad3f1dad,0.0029070857317439287
ck_0c6a50d747593b7b,0.02079364049923433
ck_c830f3830875b47a,0.008398256413634259
ck_79e202f06d8dfe42,0.027190786510835833
ck_5c0fe988b8aa7fcb,0.11707743973139237
ck_a8382d8345f21e1e,0.008557061167155117
ck_8cb20053914692d0,0.024356685871984075
ck_1da2f69023ca4c13,0.0031283570217105054
ck_38abb60995114f8f,0.02309051107447474
ck_f5791fd8fd8fd191,0.020150346790194652
ck_a4e6fc391b674335,0.7751679093513368
ck_bd771efb4a7e15d0,0.026157417362307988
ck_38ba4a6b6a292054,0.10713634360918331
ck_f7a07283345a0dce,0.003987729542867342
ck_87dc484baaf5a23a,0.002563953835740648
ck_c84ef83489badbfd,0.017667166811332718
ck_a397cd64ec5d644b,0.004087161769465277
ck_7977135c2ff61e92,0.00773141943258304
ck_52174855b243a8b0,0.02247709617530188
ck_0f35e930d0614613,0.9766253896993684
ck_b170a7db522a0d6f,0.006320604574891553
ck_7af748a23775bd54,0.039641764905379726
ck_52f641c9ee6fda70,0.004336002002692857
ck_c3719a30414bbb4d,0.007813500200167073
ck_2baf214ad6bc0dbf,0.04146920842885375
ck_8b39d8aacfdd72b4,0.00889289014521142
ck_d39b0152116203be,0.014901157114864417
ck_ed33f8a937f9c7c8,0.008895716816334047
ck_8ef97b55a5fd6ec9,0.0026001017972578063
ck_8247f008a14bd1a2,0.0031995488854858318
ck_f0d349d68249d5db,0.0026017009296874505
ck_a544e766540861fc,0.006205901309264625
ck_9dfaca4c7c80b10d,0.12483364029548967
ck_7e5401c362b2216a,0.002751103559817909
ck_64ff60c073fdb6db,0.017848935151565066
ck_fc5ea49518e5d637,0.0036164265803705227
ck_580f136ced341298,0.0030935261335853304
ck_9cbef9bc95449dca,0.008825745937610662
ck_e475a3b8ba870a7e,0.005667231168117028
ck_97e94708bcf43563,0.016365898415078555
ck_13f03ec785cbdae1,0.0023128286789139826
ck_152820d8817f478c,0.011526702305467044
ck_d20d4ba60eec9945,0.02299225884193888
ck_5c45968a805132e0,0.015704282725053403
ck_bebea2cf3063fb24,0.004580800127343848
ck_c3c69aefe7ea1d2f,0.011100913738521146
ck_02028b72f26fe855,0.026387293622239016
ck_dfadff70a58a9133,0.0026397163970534893
ck_6482ed4491bedcaf,0.0061834277090526855
ck_754cd7b4a5ae3f94,0.02306924607539722
ck_3132857aec8485bc,0.0028284649591881613
ck_7ce4ca91b8f9f1c1,0.005359990484373575
ck_41938582f4351772,0.012260225974320617
ck_f87d66946252476c,0.053186466070914776
ck_8053f1879a9b4e43,0.0032268045792682954
ck_93892e91387f5103,0.006836562057394214
ck_15254db133b28371,0.04778974903803751
ck_d557b9feb241b3ec,0.003756534777483951
ck_71c3a8e4c12c989f,0.005988225222141317
ck_80e3041811033443,0.01984772813675102
ck_3380d60067b4634b,0.002569443398234602
ck_a9c2cdc758df8510,0.01763350086539275
ck_3c0031d7514da17b,0.06040618080493685
ck_18d214b1418be39d,0.010876648966137412
ck_7ce768407fd48321,0.019153267181501482
ck_7a50abd42298133b,0.00699795708222517
ck_2db10f987d137582,0.03107639951687206
ck_e077d004cd1d80ae,0.01176226786046612
ck_1cb6dc67f9a321b5,0.01308326042845312
ck_b864f64101149c35,0.8886282242856239
ck_9bedf54df9418e4a,0.022225302154289136
ck_c47e32c47f0e6578,0.42287103547589605
ck_71f382d5e338daa3,0.009015176221867911
ck_14b4bf7be6ac2b61,0.030292298962366883
ck_5c87eea1cc07cc92,0.04418229510229558
ck_5f445182829ef342,0.010409165136305184
ck_a5d7311291caaa54,0.008339265298594046
ck_b7df99aecef385e6,0.029256698079230065
ck_3327a0582407068b,0.03449515932319165
ck_08dba09fd7dab896,0.014592147356553103
ck_f4ec334be5266378,0.007943906109863317
ck_240f7f894c5a86e7,0.0038823859262058454
ck_a9d994554fc14a02,0.001996650826995012
ck_13648cbd306eee6d,0.01666367302118605
ck_601edf9105b3c321,0.9605832095592384
ck_9527adac182abe57,0.8394030265512656
ck_4e0e80f5cc271bf7,0.0029277206775947333
ck_96a89e720176b389,0.08065992958627093
ck_63560eec94b76d2f,0.018323859397331322
ck_c9c99e5b19aeced8,0.0022087188918342463
ck_bc32655ee5ed643e,0.009120638993775283
ck_edccb5a93b741744,0.005618093488048782
ck_f786cbc987b70930,0.0025614696234362694
ck_0e8f26536ccc8947,0.01705881918047069
ck_b87ef4b98cfcec4c,0.018374845461226592
ck_1a9235812de4b2c1,0.011306559175688633
ck_d1ed88ea4211ba4d,0.004727002557385271
ck_a4ddac49657a4450,0.026759038259517774
ck_d9ffca35188e49d8,0.025945347121000096
ck_3db73bbe03c3d240,0.0025465873013986694
ck_fffa0622344a36ab,0.0023655419520328125
ck_148c28df51bba5e9,0.9586616612084985
ck_076cbc25c8f15fc3,0.9545934125771828
ck_e5ca550b39ed45bf,0.7548785084628289
ck_8dacf3a2061ca17d,0.013776695473143863
ck_2d7394afd61643d0,0.004595290532139371
ck_e42206e91f6a1752,0.0024942681127451826
ck_2f4f94827984c426,0.029397966778196505
ck_edfe8e90e8f4366e,0.00897361991911132
ck_646b15f753e5e9c6,0.05191766307887759
ck_66600620149c8799,0.005474644930047146
ck_4ff6fc70bccfba96,0.8312582150210494
ck_41af3729590c2484,0.009392604100913967
ck_920a48ba8c583e96,0.003914331708115849
ck_0253b3e7be021306,0.003466682138411075
ck_2ae6949246ea2648,0.007424692041136683
ck_db23a5100f338d72,0.008553130649353053
ck_fcb2a559474c3493,0.013551054373995942
ck_0a4d7acd2a53cbbd,0.006789834674954018
ck_c5d62b2b7a6f3bac,0.9676712935186457
ck_cf59f4fc0ea690b2,0.012476931585546084
ck_837be8126bb19250,0.0024129033705707955
ck_58955542edee1adc,0.0028086885033108853
ck_1b93381d8eea58d1,0.006858200908664234
ck_97b8e05d62abdc14,0.007209910288376077
ck_71a0d645744302a3,0.004852192658367927
ck_a7b57882ab66b111,0.002842925896596984
ck_65f76421be648549,0.007482118527051001
ck_b53ea8713d32ca7c,0.02330051003444067
ck_991c4c924a1d85ff,0.9408744231981979
ck_8432ccec1a4ec7fd,0.9751928130361087
ck_64c1633297f43788,0.004216771904641498
ck_4291fd9c1161d8e1,0.0183377595764831
ck_5e98ed6391d9f429,0.018212623911680426
ck_c7baebe4549fdbb4,0.037466291786060965
ck_6e67225ba59fa5ae,0.02253330031137295
ck_719602def4d35fe0,0.0147391335177031
ck_bdee7c86f5ebe81f,0.017284698916197373
ck_8de38f8c7f91961f,0.05009863995188056
ck_b0b5bf9254700402,0.0073591579726602395
ck_7b55d9bb1a250d4f,0.031730894336395185
ck_3954b7b0fd1d6614,0.0034522292630674795
ck_f29471fe7c818d6a,0.0049601520033497465
ck_9e65a8a2f587691a,0.009352542270160096
ck_eaec5f1a83b66eb0,0.2755323589625012
ck_004fe0daecbe2c1a,0.25475729896634547
ck_d17653a4a2d4a79e,0.019408284948541223
ck_0dd417fcbf19e424,0.02025999396843204
ck_4c99a6eadea143e2,0.03409231592894129
ck_74d602c907ee9119,0.002254785771947652
ck_1aa87cb62acc0ac6,0.00792021668550052
ck_094974d75e29fb2f,0.029657327984252673
ck_5ef935ac3d4d3332,0.029026521867260048
ck_b26e4ae47c9107ed,0.7613256926025114
ck_396cea6f95186ad2,0.02926061790508202
ck_48446a9e8184c7d4,0.0029639558233856915
ck_31e1ede23247d56b,0.02005886947603874
ck_7afefa349b960a3e,0.010358803607459801
ck_f5e02a3432571b20,0.03965958421768064
ck_64eefec062592c43,0.01173015992289205
ck_a1201284122c141f,0.019057622374849155
ck_1b34c420a4c85a95,0.007504888823941713
ck_d637a011332ba67a,0.01033307831901167
ck_99c0004d8b7079f8,0.004142719074276066
ck_948517bad569b40f,0.040366550293243555
ck_a28d6b1601b472a6,0.011300615313218621
ck_a0b4209feb31f5c0,0.9765958141433886
ck_d6d2c1f6dfc455b6,0.7484226279640959
ck_3f9e6d356d3dd3cf,0.0024559947572343845
ck_d08e00c842b75176,0.00867788566120627
ck_bfdd232a7c5f2660,0.02083864386223849
ck_2cdad03ed069438c,0.05395947129399997
ck_42317c3eabd0a285,0.7696384300405339
ck_3eb73e56751c704d,0.015731839181560577
ck_ef33c04f4c9e3758,0.01565121114761559
ck_1dc23dc870f1773d,0.020678615089338555
ck_76091f357974a152,0.012307674737555807
ck_4d9eb75e8eee90fd,0.0291133396841557
ck_578f67e69e5d2cfd,0.02320563301418903
ck_3a8ce1cc724229b8,0.0022155344733884364
ck_a96887f841e80fc1,0.030765782388481
ck_d2d4a8f4a9f2c33f,0.004655282639494533
ck_11f85bc705dbe036,0.042197993975072026
ck_7429b3f87528e335,0.00962388502186319
ck_26df74feac7ec51d,0.007001423478742769
ck_c78b2638fadd91ab,0.017159650502868426
ck_7eaad325abe3b50c,0.003437202534814883
ck_fd44e34af620e606,0.02855418239506737
ck_f99738dff854e25f,0.0026264849242937705
ck_1ffbce3a239bb264,0.004494971622660677
ck_96c7d52ba0a766ef,0.07672102927737806
ck_cb1c00c300af3f9e,0.08949041430450384
ck_ec3d12848ced99f2,0.02036184704698083
ck_26cfd7c3c6c7bf69,0.007739794647895581
ck_7ae86b5a885affc3,0.037643386895890266
ck_3edaa94d28cd48ea,0.005010458172978483
ck_3209c530c9812e39,0.00358004946971159
ck_ea62ebfc1f04b49a,0.0035615647124242382
ck_5fc90b4668ea81bf,0.017817640436643786
ck_95654593cdebd141,0.0023556688383337973
ck_958c0bd61820147f,0.043130542038141165
ck_8440ef1386c07194,0.007624968836682631
ck_8cd1b68dd74b1375,0.1481110282912977
ck_c9eb4df91ff07f2c,0.028116681291755007
ck_c29489366c01fe65,0.9590543718095204
ck_c965fd6bec0f0ecd,0.012715249446904919
ck_84c402b23766e1f2,0.015752705910380627
ck_181f3dae03b87136,0.035251908848068315
ck_022a8ae79eb28cf6,0.9284394515799447
ck_469c17407d17b706,0.018443093607509564
ck_1fcc5843f39148a9,0.003698253296086155
ck_5debd55f361b2ddf,0.002925417479501361
ck_28cb9b03e89263f1,0.003616842650354705
ck_f067470743d3c7a2,0.03324458838740067
ck_d5d225ce41a1a762,0.007199761608338828
ck_15b4840922195ffd,0.0044508092145733435
ck_6bcfa37c717f19f1,0.01844025412153131
ck_8d501a0386c66be8,0.31472370335857297
ck_1a9d6190c57ea7e2,0.26774142031543546
ck_c49832eabdac5bb7,0.0030334996482272794
ck_b4331140b2e0d4aa,0.003178449275100743
ck_5efbea1befdefe1b,0.21910341587668017
ck_72ff52c4824072ce,0.024032118728607152
ck_ec3715add8bbb6e9,0.0036830593539825137
ck_9822f8ed05335741,0.007777468638542931
ck_c3d7d3d12a1981a3,0.004308714814157405
ck_a115a7919ac5875a,0.0420379596980859
ck_4dd4ed23e0b927b7,0.43436231349264603
ck_4c76efcc1ee6762d,0.008771266811123274
ck_3ad6e7bf452c9b21,0.0064481335689476425
ck_dcbab304b55a42c7,0.013196549293028267
ck_24b53090faf722cf,0.01054843032838291
ck_187317383400491d,0.00426563739821699
ck_e07fd57565c94c28,0.043711224501099155
ck_740e760fdcd27835,0.003384123315338314
ck_d3796aebda1cfed5,0.8587619566981177
ck_e541967c681cb929,0.11919182402377895
ck_431118050b834dcb,0.00897672622453718
ck_90f3655f0c8a0074,0.0023895303296525877
ck_13cd943777651aac,0.02944733206280457
ck_66accecabf3901c0,0.012214364659665028
ck_937f0da2306b2eb9,0.005387619116982044
ck_105b0c93573fd5b7,0.7435549675890123
ck_00480407160e0743,0.003858067230044672
ck_e032068be7b77d15,0.010470905366361857
ck_991b7dfd69098320,0.002370029500822234
ck_37d47cf0f34574a2,0.0035757868375082373
ck_011551a596544f5d,0.003640384361132965
ck_9acd98f4fe2d474e,0.07438366049615489
ck_7c88d3d377bb61bb,0.01679203928078423
ck_e2374c7136c964fd,0.02505161121544961
ck_2fa8f2577116e9ca,0.04867774841790838
ck_d07c5b0321c685ea,0.040191351566197214
ck_bc736114a31088a7,0.010890411010131053
ck_32bb42f9bff197f8,0.0065492026354962265
ck_66267bbad1f1415f,0.9802914124774121
ck_19988702ccd79201,0.009217384866216044
ck_f473a03fbcdbc4b0,0.004183274692277172
ck_e3f1d85fa5d49396,0.005364825391682155
ck_c4402ea6291df271,0.015951134776619046
ck_243bd5ca8c4ae5d0,0.00999061080047044
ck_f271e855925e8d6b,0.04844051336586137
ck_e424148c6f2223df,0.0028846902339451533
ck_e4d0a9e1102a58b5,0.013416439193050614
ck_91c2a5fe69b9b1d1,0.00947200833808468
ck_5fd8924732fe403e,0.8093879958040393
ck_9a881d5433126ada,0.008769579948468354
ck_73cab88b29c7845d,0.05189832871359971
ck_5b5dea6476d4e182,0.02109090232607807
ck_ccccb17d2ca6ce94,0.016688720190679743
ck_cd1dc68e441222b1,0.911918558243068
ck_8312c49b1431a406,0.008174127851605553
ck_25fea39897f2a559,0.008000768514782304
ck_f56200205280bddf,0.04363723362798659
ck_7336611650dcc088,0.01532293783074919
ck_590716322ff147ae,0.0501368079840077
ck_c82364d87875a1a1,0.01180787737717335
ck_fa4b60387d744fc5,0.0020599405397457105
ck_d841eba8906e9a15,0.0047050457328196675
ck_d6df562a79b9d0d9,0.011764075373057127
ck_59a14d2564193101,0.00342705148526818
ck_8530158e3d7f59e7,0.0084835392907982
ck_ac68d707006c12a8,0.0035836266031221272
ck_976fac1bb3dd8c58,0.04951697358787474
ck_f854fba8f4adae3d,0.056850405145956205
ck_b98e9c3ec6e7d1e7,0.009115322611436228
ck_803c0b4cf9d4bc1d,0.010422263166851218
ck_76997a33c3ea5107,0.0035913391546357905
ck_f1a9d832b700bda1,0.9613170539269724
ck_2bd96ddb8c323d63,0.9700393379517408
ck_9e5b7acf51b1b743,0.02605412663606606
ck_09169f22194fd6aa,0.026749643047340732
ck_6d69e092f9b0848b,0.025945582425907658
ck_9f83fa5a2d3b9049,0.0173077345570695
ck_57bbb19eecb4b87c,0.002834120755115173
ck_e0e9cfabb979f428,0.008744241440594765
ck_b1ff9edc51d42f97,0.008738906329591551
ck_4682fad271d47eb0,0.9262357668919693
ck_ab33fb754c818ae3,0.021941112835726674
ck_b456f62b80e21557,0.00294997120554284
ck_16340be3f2a7fffd,0.002421426564597373
ck_ce66831f6611014c,0.008388807187807117
ck_4610a073bb54d1b1,0.054070678627423374
ck_fd038a7d33a9d6e5,0.0025967853464958827
ck_c8198cb4c461304f,0.07372372858255445
ck_1e7de58822000dea,0.014023012415536338
ck_b2a79dd3df560f14,0.0075433510382767995
ck_74a06f347b32347f,0.01224448559947178
ck_c6fdb2972417c9bd,0.00913846609665996
ck_d7607a213b800bfb,0.014149866413342788
ck_df65967b8b40319c,0.002848500756975316
ck_329a73dbd585ee09,0.003215558950266044
ck_74991a9e85c3b07d,0.007011040110704601
ck_bb76609b79e0bc9f,0.009426096051128522
ck_f7fc1bd0b9ab1fa4,0.020669645004622796
ck_d111c98b36bdb791,0.006350808972029054
ck_f07e27d125497b66,0.06391799715610305
ck_093e3a7134e11d6b,0.004826836867258405
ck_862c7953bdea48b0,0.017582087326381605
ck_392cf2cdd515c34d,0.006284422967410967
ck_80eb91b0b4001084,0.06900296147577381
ck_5923f53b77193a58,0.07491728128177044
ck_8049f5fce32be185,0.8104924695178785
ck_ebc5a2c6cf88e252,0.015237084312394535
ck_9ea5872f14cce338,0.02460345228229078
ck_f7fbc95ebf584379,0.010641684312842415
ck_bafe82c870356706,0.9608950012056143
ck_278b36c5932d9bff,0.002415028712792035
ck_6a892dd5d05c1649,0.004902118324697528
ck_0734fd90b2cabd43,0.0065704874816803
ck_9b552204498b6762,0.02191819697033857
ck_f6c909c205767956,0.03804854964342431
ck_32f590e87bc3d715,0.004166193728302658
ck_66a8325f28be7562,0.04450371086105765
ck_b129261da9c3c3c9,0.006999619663490867
ck_a524071c51ddde20,0.016529717552357038
ck_ba576d6d4cb6130b,0.05361398936093113
ck_8d8226520722af78,0.17150661780724208
ck_c5b0f0d4f1655a20,0.015655447611351077
ck_61814ae9b6d8eab1,0.008285775515084977
ck_382ebf136f7fa337,0.1257685640005822
ck_423ff4ede6a9f066,0.012413708409833699
ck_546ad962d04b7de4,0.9650147500502874
ck_9473ea4a01c95f9a,0.026824571272424835
ck_9eb1da8cd35a50ce,0.005755171210271501
ck_de5eaa2cdbcb67ff,0.14335789550474884
ck_537cc97d0398c922,0.04782484180532378
ck_998475a2e4dfad4e,0.005570837764979035
ck_e62eb708d2688fae,0.024170537365383465
ck_ea623358f704daa7,0.06318219602819045
ck_b911a09f328dfd4b,0.003506886050638687
ck_4b3506b624e5193c,0.04406882578292394
ck_448456f96788713b,0.02900457701481408
ck_5d5ef9e75f65d076,0.05767191028259246
ck_3b74512f774a6e5a,0.00797143752412305
ck_a032e8ac1507c6df,0.9142169103275393
ck_7e2d6b22a0ae20c2,0.01641736056959053
ck_d80283209c963f11,0.012720289687623338
ck_d1157eade2ac3975,0.012610128422293332
ck_be48f583f79427f7,0.0135142044824026
ck_0027b5d4107d65d8,0.03202274100750992
ck_94fff69584dd3b2a,0.01048910770134639
ck_75fcda73f0b43557,0.01021909394916832
ck_a1c78972e4ee4082,0.011207018801870212
ck_f0982bbdbd122f91,0.014734782568556624
ck_3199b471575aeb3a,0.004778919342475711
ck_7fa947a0b1c1cf74,0.010691557154892423
ck_a60c618b7f0e4252,0.007089787309856985
ck_722ac47c8ac9b6c3,0.5760984281216863
ck_d44dc3839a195c8a,0.04682352299410274
ck_a2c3e82fab520483,0.008853450081838802
ck_6f8ae0319c07cafe,0.003977015272348723
ck_49886ff1e2c759d6,0.023965718423579935
ck_150a1108f936e6b0,0.007612826994998502
ck_e21f9f96f597695b,0.00728052708006643
ck_7297bff2b7fdcbc8,0.003314984494990878
ck_ee949c71f4f702eb,0.9724023899536729
ck_6fc37dea4b4f35c6,0.06771889601288665
ck_e76257caa98dc25d,0.8844737108202348
ck_828eef2334e17b3a,0.028639848626063676
ck_604e1b8a8c693aa7,0.0027914471119559604
ck_7743c9fe037d1f9e,0.01205445492284509
ck_864a11202e19e812,0.10093911224043366
ck_4ec040b9e3785e4a,0.0028913970638531064
ck_7346e4f820d9c00a,0.9089186125269102
ck_48d4d63beb26b623,0.008046129575779942
ck_c423aa6de3ed1e01,0.008339412850423117
ck_d74b2ead8aaa3f73,0.019598701452430818
ck_1dd69a11daa7bf1a,0.010366811354840933
ck_d9143e236eef177f,0.01163139049502002
ck_f790d91e5ff0eccd,0.489412170441949
ck_69b5620e00ef5dec,0.0027129240137438214
ck_cd32e58e8a1c0e85,0.013154226190011728
ck_064013b0957d87a5,0.9773177273243027
ck_a481385c2e60dc4a,0.008054118882870474
ck_d72035cb29db3aa4,0.01991723584488708
ck_3759939a0205306d,0.006995718272774345
ck_f437a53fc832ec95,0.7611467721460256
ck_260ef2f3e6434819,0.24478298597189513
ck_35e411b05d22f663,0.009193274985553552
ck_8bf46e472f3e20de,0.02883241510343134
ck_d546994fc5d3e9d1,0.023407123272660185
ck_6ff0fc7487e737e7,0.4367643743858869
ck_5c67f27816ae0b6f,0.02438190453641117
ck_c5517923458106ae,0.009824212206826366
ck_d9735647a6b0b0a7,0.4042994254907054
ck_541a734fc457246f,0.02693227136826342
ck_2f6a639468f41043,0.009714081734001751
ck_bea2cf7a6b7bb900,0.0039862095097823735
ck_7eebd0e6ad6c070e,0.00882443308925009
ck_b64c87d5e3b10e6a,0.8787587450249623
ck_9dd7daacb7833233,0.010314482506054302
ck_396e9ea9a6c6d7d9,0.06977406800020322
ck_1645e6cc53fa99ff,0.02094777798064728
ck_ea2a83ccb8d57490,0.0025474668954250193
ck_e64f0df63e1be595,0.04077481195808694
ck_fa0b234481cb57d3,0.017510399410648407
ck_63379e3c9fe6f711,0.03270125091986684
ck_c67f7944896a0310,0.049428160164976725
ck_c10e54c9db29e6ef,0.9652765660971403
ck_7184ad7709ae4c80,0.013295652578624768
ck_f8b6069d7577fde6,0.003324666988361851
ck_18444be153bac1ca,0.808573747958954
ck_d0982b4e0e118e4d,0.005920398585054722
ck_6faf3e6820398866,0.034616142073782476
ck_97e980463aca4644,0.0028310146394488187
ck_630c835243c66b19,0.9746361837786995
ck_fe429ba3e1aa0e4f,0.01048431486794972
ck_1058129ed7b48c59,0.01398786208109686
ck_04a1a46f07885296,0.016262215482829794
ck_f01e94331067edf6,0.015509192598355707
ck_77b2fb17c29f5e72,0.008258784059923351
ck_4f0c5857da45fb28,0.08340850489651999
ck_2cfb9a7775e8a5bc,0.948859994121508
ck_6846100e43659bf3,0.004775314510331238
ck_f89719a854fe11d7,0.03047076504739374
ck_bf47375e41ca3bc0,0.0029481874406659227
ck_2770b0400a7bef08,0.036045252966711364
ck_2a09d142de1c77ff,0.015263128649403055
ck_857a1f5547b9ad68,0.02947842184148538
ck_185f15b1523bbcf4,0.0033186039501973243
ck_ab2aed614ec1cdf8,0.038711946371779535
ck_a9e7f3b2d5dfd97b,0.005667438545109207
ck_0eeb3d9b3e697edb,0.023127322850078284
ck_fa5830d81bc8ddc1,0.004720270889336904
ck_231ae0329ebc3220,0.004020816035231045
ck_1587763dd54688c9,0.029000320728573132
ck_9f85fea4490c00cf,0.012646872421628614
ck_a2d709e7eb91e4af,0.09146010757736986
ck_43637d28c7216453,0.0024134742834801735
ck_f3ab5dd853d38252,0.03200376431597772
ck_4a1f0172d3bf4fd3,0.004550167411280901
ck_517620ca16505af0,0.005525492475174615
ck_9ae904fbef56065c,0.00262011768512512
ck_d5ef1f6e34bb35b8,0.04248329082316204
ck_ff42557857ae3aeb,0.0023518923672865145
ck_ad9a18f58589faa7,0.0033606990411710856
ck_df1a6edaa3e6b271,0.008992155667324139
ck_99021fe7225b5a68,0.03457898593252255
ck_99e52c3c2530b69e,0.9717564235287421
ck_3a4811dc4a1a891d,0.004013631919638179
ck_ba3a6be026c87079,0.0053523776372388174
ck_da6d1e5cf6aba6fd,0.003792921306160686
ck_ddc7c1f3d45fe6e6,0.02127104668876913
ck_e1b1e7a7e4a15b3e,0.004088625375923474
ck_8288f7f226e08b89,0.004985040252186025
ck_c4524993ec31dbe5,0.003896114862320993
ck_8b19bb5b23b6741c,0.02584433333380931
ck_d21b38231a8a9f4a,0.04830947215659699
ck_3f730318a9792292,0.009786547977367456
ck_a4db6e94a8f77f9d,0.04475245566583032
ck_a8cac8d480306839,0.002918622058865075
ck_5472214011fbc2a7,0.006233205004690192
ck_7356f47dbbbe7904,0.007266038978840832
ck_16801e628e883d78,0.014288030280358074
ck_0dc1e536231c4860,0.0312921493812805
ck_7cd0634a6e60af83,0.0320305553316088
ck_ef6f8e048ae1bd4b,0.011283909641309308
ck_82f3f744209888ac,0.026065595090428016
ck_f33188c232a03526,0.07131427130401333
ck_4a59f4e10bf45d7f,0.002848714848113234
ck_d96c893721385e4e,0.003675971684863616
ck_f65ab819373edb37,0.017333311189681223
ck_21cac21fc10b7768,0.005478901357694213
ck_139b54e6ccbdd7da,0.34957565987916983
ck_d6f5c8741697abb3,0.025683128028737633
ck_a28d9bb5590d458f,0.07352968582291114
ck_ed26d906883bea0a,0.006236594272444533
ck_227602ad072b838b,0.0029079033066182957
ck_39d5f6c17c745ab1,0.002695762991576623
ck_744eade757ba69b5,0.031942317563936604
ck_c1295d97cdf35ec2,0.012995791013753954
ck_69105f881da3c821,0.005251303601334216
ck_933789b55361d7c1,0.6812928966244851
ck_b667952253503174,0.004340039546077962
ck_7bf668e25abeeb05,0.020224564348028377
ck_91742711dfdffd56,0.02272346556668848
ck_af32a0660090dd68,0.03599054410393436
ck_2122f201e65f76ee,0.008126992422803316
ck_f48acb73a5d6af07,0.05091322648959965
ck_337c5684510cf432,0.033385723551174404
ck_f7bde7265053364d,0.008159405471772114
ck_c190c7b924edba75,0.05018310830242578
ck_044fa3b3a003f0b5,0.011250652711838723
ck_87eb43e3b9d96169,0.07884378574473434
ck_2d3d6c9364362017,0.002442851629005618
ck_ac55dc6cbcdf8228,0.01565833898111304
ck_61d7b0568ec5d6cf,0.023890716627199483
ck_89c74feeaffa7d09,0.0030430333312435006
ck_93776b0c113f41f0,0.051802312295191145
ck_15e0b679931f7a8d,0.005241614239757613
ck_77b56c49cfdb1d81,0.1578674995332794
ck_73188a826b5f499f,0.01802589493796389
ck_4f463ef25325ddfa,0.4345072571864791
ck_863db2e394dc47d1,0.9675524292358357
ck_d52432ed597f3cc9,0.005529474028570583
ck_04fb61e5739642f8,0.0581226200167486
ck_2e481d75d110c06d,0.28169992734868426
ck_3fa1a523d77cd619,0.024847950673100284
ck_466dc6274fecd708,0.004312342880639956
ck_e1790b3aa2241b10,0.8467881084325988
ck_84ad096a46e1a960,0.023351166192190558
ck_3be72c9c178fa00d,0.0431989041342713
ck_5a17c89219d1d9fe,0.03185472236013698
ck_4f639f4ee6ce8d9e,0.031920680025281756
ck_f4ec4a935e51b4db,0.06802597121084628
ck_f04040a830f92bac,0.005766873970977751
ck_3e4d02a04be2aaf8,0.013321352581843263
ck_4d1baef193cfb900,0.018387593316738036
ck_0fb3153d37626b75,0.0021193710300416394
ck_88ec57a11b11f702,0.9345766625678422
ck_dca9dc465f759db4,0.003915531950658029
ck_64f5fba6af67e024,0.008166038377522805
ck_896096cb167254ef,0.06936703758283753
ck_7878679065876b98,0.01740588858871248
ck_fe8e5a6c880ceb4e,0.015548327734641454
ck_a5e036327d3d1862,0.0022589711289519583
ck_310f73940fc4cf4f,0.04405900675185591
ck_46a8db16ad00b749,0.028077901354219142
ck_0d33977c3de8cfaf,0.9800685793930983
ck_c6fff412f531db0f,0.003484960619201914
ck_bac6dadf428eaea9,0.0282677982390803
ck_1b96d9af0d7da2d5,0.0068321601314026105
ck_fa8a4a9e77799fcc,0.004093128820769636
ck_0bf48607a874b4d1,0.002619118964214303
ck_eeb75f8a6439f65e,0.01452464951199862
ck_a209a5f7d172125e,0.010395445728804114
ck_8f346b72fb40bf14,0.0070824792012936745
ck_bccbf9fef367f00f,0.01921399086563737
ck_2d1548f1ee405cc9,0.004085887152754459
ck_e8298ff2dc1e9d50,0.006098223379483528
ck_77c0fb524edb4a94,0.0040817067919169505
ck_28ac4c5134cb8e77,0.01416970248164873
ck_db23a0e3e54be60c,0.8162314230155591
ck_a059d00cee5cee99,0.00319332410271909
ck_3e9e3bba8bd363af,0.00362029856522936
ck_0428728df24cdab4,0.04602206230456586
ck_88cd35378075c84f,0.0034516537851441978
ck_0174d76398d9dc0f,0.013460185640194388
ck_3f1287e6c27de0dc,0.018216150674663922
ck_ff822700f3605e06,0.9797400714964588
ck_4563227b2038ae07,0.08652531380861635
ck_788e78065526ee19,0.013936692747537935
ck_8a16eb584093b12f,0.002637773745828431
ck_cc276f71ab6c08fd,0.02480321415538638
ck_d61d97b21002f3e9,0.04952307689340699
ck_4b2e87d86a5e415c,0.020137005431081555
ck_3e6f35e4500d2f2a,0.004676641511922054
ck_3acdb083e0d8ad61,0.0029182957912065204
ck_cd655202db489010,0.0029379819295686973
ck_829cbf5ccda481ae,0.007183927413098963
ck_f5882e6f98b8b4cd,0.002309549367500894
ck_767947540b234add,0.008136595776287702
ck_a6e8e8f535b1f1d1,0.04306964116966831
ck_58412a2674fea506,0.037686351150809004
ck_fae7e518a585fa61,0.033861388148019124
ck_9c60ae6958d68dbd,0.051349101655889684
ck_328696b8f5e54ec6,0.0430509282728231
ck_7df3f8f4f1068d62,0.0033081471378787032
ck_cfadd21458230ef7,0.010656437297446966
ck_7048bedd554c703b,0.003873883410805576
ck_50422466f145bfd7,0.002688501499864865
ck_61e1f7168cd9ff25,0.029773604558254525
ck_733aff0f56f5b3c9,0.03133143613544888
ck_e14892e424180549,0.002301548151350267
ck_03f6664a96de7d0f,0.028104465789057877
ck_b7f4baa2cc82fe61,0.006075179836618913
ck_1e51199a075ca0fa,0.004233765723667538
ck_0e70516fa07cfb17,0.8914376128224684
ck_0f37c554a5057801,0.7995984641814085
ck_5576b725de38d106,0.015206055541590676
ck_82f360df1e9f4eb8,0.055112945406128745
ck_395f3bd4aacd7ca6,0.011527800041672375
ck_5e8e857b63966609,0.10783333570512972
ck_93470896f0804b6b,0.8774732194672659
ck_3be854e42e76569a,0.004844919929675734
ck_0567302c57a2417e,0.044779863370182006
ck_ee535461b5f05539,0.759298130909742
ck_94a096c36162a153,0.012966887487960061
ck_dfc8f5c141fd7c63,0.011867504726669389
ck_98b34f2d704c1c2a,0.01312652872978226
ck_96dff7a09d45f116,0.04767814549668907
ck_79557434c129ba52,0.006430669345318711
ck_4596624a7c01d501,0.008703275355879368
ck_04e89fbd739243fa,0.0032300205476672892
ck_6149ffaf18872dc8,0.0031240890533829396
ck_cd78f0832a09bd8f,0.6613360574966622
ck_7e29c10d781c3b41,0.04116907622869802
ck_1f7ee7b23fc6f2f4,0.0048932474784200534
ck_c49b685d2b3ab89a,0.007040575824722983
ck_84569a8fc50e73ac,0.011475268869818615
ck_b92b11d205af91eb,0.0017342719410682478
ck_06280e6d6d2485b0,0.008791307874416556
ck_3c08546dd0c92863,0.013830804896736298
ck_99d3983f907828bf,0.005691406997521394
ck_eccfd552aa652d3c,0.01006726185502188
ck_0cff8153881875ba,0.005692921689123597
ck_c1aebbeca6ab5ff9,0.009023985440994796
ck_538fdbbb3c2bcbbb,0.02468864301311982
ck_8c0210322733c718,0.028644639408247834
ck_0b0c93039f987abc,0.00973712643103537
ck_6d07d6d1bd227d37,0.05139449107174678
ck_9b6ee35e8cd0b11c,0.002964312711037551
ck_d838491d3d4f5ecf,0.005928443486463622
ck_0593ae243a9ebee9,0.01638806290150938
ck_ef261fc09be8eb0b,0.003937297221074168
ck_d0935b571a4a3868,0.012353437824359988
ck_97d04a67a104af39,0.031744219242277535
ck_e25f70d0b7229420,0.011765866242486185
ck_9b71274ff83de482,0.9488448668978176
ck_6de2aa2bb60978d3,0.021075817772302698
ck_eda55c8fb47593d7,0.00738148664723863
ck_924e572517515f19,0.8432635209263284
ck_d6f27eacbad310f4,0.012641599656028702
ck_8550f229b5eb03ab,0.004592986347028741
ck_e3e95546a84d0ed8,0.016604869367666083
ck_3135c019696ee6af,0.974149068450901
ck_41ba315d8fccb559,0.009327231202850077
ck_72b86e4485da2d0f,0.9687077581713138
ck_daaa995f3c2f0e47,0.023588185868206775
ck_053746067839696b,0.020308307292108023
ck_a15fe7d0f4b65c33,0.6824198740074969
ck_15de11438732bb05,0.014513185865583533
ck_2c4d25acbe3fabd9,0.010033911070811216
ck_7f08078908599bd2,0.04663906672265992
ck_e794741742fb2619,0.011171939306066808
ck_238e53b6dee8c301,0.0034643191352528883
ck_53a6a33060d5c8b8,0.00687779705638087
ck_0e0919292ad33472,0.926050692302651
ck_d86ccf148c06c8c8,0.06013988083644521
ck_c881f26c9bf9ae42,0.4196157765971928
ck_4b0947bf94e9d847,0.07327263090053801
ck_e10ff5c38bd18470,0.014117699807423053
ck_b60de9e97aad9e45,0.9250599724550016
ck_190bc849e5ff5401,0.03174600855079899
ck_e7be077aa0b2632c,0.0060375078035283
ck_a51abde881ebeff3,0.010576914872846958
ck_2208392a9f6bd249,0.03427022542532656
ck_0259da8f109017e9,0.004369011419608847
ck_05e01ab9c95449da,0.011060821389138517
ck_c82897ebffb6ae66,0.005339918701302776
ck_b4a6bb4689cd7cfa,0.02461128113160501
ck_9e21ea33018ce538,0.0518983269937659
ck_caa348f0e65db062,0.97916614265231
ck_a964e6b5d8415334,0.13321998840836743
ck_510bfbbee37ff436,0.013701761898228837
ck_9741a82faf5c7889,0.050873283177076456
ck_e7f61b4a39ba98ac,0.002581223429210265
ck_069d158665a53909,0.012057747915551514
ck_6426427efe3228af,0.030771123510634817
ck_ab4a8d02ec3c0fd7,0.0019422118392037138
ck_aefa0d8d933e0eca,0.025728583599083466
ck_232325ef6bce92f1,0.00654568097096397
ck_14e58c3fb26a2b4d,0.016679104948916626
ck_06e73afdec26aecc,0.09504781880939975
ck_3168f4f2778d64e1,0.010456809506970113
ck_ff3998d6858daa21,0.0031926965140074946
ck_bccff46fb0868454,0.06739577506814559
ck_c7d444d90fa86d7c,0.32558555899579156
ck_f0bc3bdee6bfbb94,0.02485855543790503
ck_f7112818a6d81422,0.06015335823102559
ck_aca35dbcb835ad02,0.0065545314301900205
ck_f637fabf0f60528f,0.06147769778612061
ck_53d17ab97de1ac3e,0.014786334779304985
ck_c8c1bf16d9113493,0.05347458101470927
ck_e842fb0cf055a83b,0.02730532431702749
ck_93c0cb3dac4891fe,0.007766819439963488
ck_0c1f088e17e46daf,0.021965290879843065
ck_8f4b384955bf57c9,0.014813330164821415
ck_09cd5c4df1e81ac2,0.3263717106383481
ck_1e832a5b2342554f,0.02185920768056961
ck_2cb763a881aee27f,0.004184658858032472
ck_5875828b11406398,0.035488252077228596
ck_48e84b0cb0b90fa7,0.015053722417867621
ck_833688de8629c5c0,0.005321120791072245
ck_117d78ccd5820f36,0.007862171406737898
ck_668ec61c4c39cae3,0.00376931810662103
ck_73a7794b659d7a34,0.0032420108205550705
ck_10f90d879209734f,0.009053589668604515
ck_d1d079913aa158bf,0.0032864971920517115
ck_01c631b38e8a9535,0.013547802260518391
ck_f6923088c17a04e2,0.03814348050968979
ck_b447badc9138987d,0.0018300139225136066
ck_8b772caed8f1541c,0.009551416854607104
ck_5403c76fe68a08ba,0.5729309541735069
ck_3e6833574edf1736,0.006724706278775823
ck_e527fbb9450a4581,0.883735697349206
ck_cc90e219f1ebf390,0.0025432360111919163
